{
	"format_version": "1.8.0",
	"animations": {
		"static_idle": {
			"loop": true,
			"bones": {
				"lefthand": {
					"rotation": [96.63479, -2.01565, 172.74579],
					"position": [7.675, -14.525, -13.775],
					"scale": [1, 1.5, 1]
				},
				"righthand": {
					"rotation": [92.55092, -347.50726, -179.66588],
					"position": [-7.025, -14, -5],
					"scale": [1, 1.5, 1]
				},
				"constraint": {
					"rotation": [0.2, 0.2, 0.2],
					"position": [0.2, 0.2, 0.2]
				}
			}
		},
		"static_bolt_caught": {
			"loop": true,
			"bones": {
				"aug_bolt": {
					"position": [0, 0, 4.975]
				}
			}
		},
		"draw": {
			"loop": "hold_on_last_frame",
			"animation_length": 0.5417,
			"bones": {
				"lefthand": {
					"rotation": [96.63479, -2.01565, 172.74579],
					"position": [7.675, -14.525, -13.775],
					"scale": [1, 1.5, 1]
				},
				"righthand": {
					"rotation": [92.55092, -347.50726, -179.66588],
					"position": [-7.025, -14, -5],
					"scale": [1, 1.5, 1]
				},
				"constraint": {
					"rotation": [0.2, 0.2, 0.2],
					"position": [0.2, 0.2, 0.2]
				},
				"root": {
					"rotation": {
						"0.0417": [23.94, -15.56, 9.09],
						"0.0833": [19.95, -13.2, 6.86],
						"0.125": [14.05, -9.72, 3.54],
						"0.1667": [7.55, -5.86, -0.08],
						"0.2083": [1.77, -2.38, -3.19],
						"0.25": [-2, 0, -5],
						"0.2917": [-3.25, 1.14, -4.92],
						"0.3333": [-2.19, 1.08, -3.24],
						"0.375": [-0.36, 0.52, -1.13],
						"0.4167": [0.76, 0.18, 0.25],
						"0.4583": [0.74, 0.14, 0.56],
						"0.5": [0.33, 0.06, 0.27],
						"0.5417": [0, 0, 0]
					},
					"position": {
						"0.0": [0, -5, 8],
						"0.0417": [0, -4.22, 6.7],
						"0.0833": [0, -3.06, 4.79],
						"0.125": [0, -1.79, 2.68],
						"0.1667": [0, -0.64, 0.78],
						"0.2083": [0, 0.12, -0.46],
						"0.25": [0, 0.41, -0.94],
						"0.2917": [0, 0.28, -0.69],
						"0.3333": [0, 0, -0.18],
						"0.375": [0, -0.17, 0.13],
						"0.4167": [0, -0.14, 0.14],
						"0.4583": [0, -0.06, 0.06],
						"0.5": [0, 0, 0]
					}
				},
				"camera": {
					"rotation": {
						"0.0": [0, 0, 0],
						"0.0417": [0.4, -0.07, -0.45],
						"0.0833": [0.66, -0.12, -0.75],
						"0.125": [0.37, -0.07, -0.45],
						"0.1667": [-0.11, 0.01, 0.05],
						"0.2083": [-0.41, 0.07, 0.38],
						"0.25": [-0.39, 0.08, 0.35],
						"0.2917": [-0.23, 0.08, 0.19],
						"0.3333": [-0.05, 0.08, 0],
						"0.375": [0.07, 0.07, -0.12],
						"0.4167": [0.09, 0.06, -0.13],
						"0.4583": [0.07, 0.04, -0.09],
						"0.5": [0.03, 0.01, -0.04],
						"0.5417": [0, 0, 0]
					}
				}
			}
		},
		"put_away": {
			"loop": "hold_on_last_frame",
			"animation_length": 0.3333,
			"bones": {
				"lefthand": {
					"rotation": {
						"0.0833": [96.63479, -2.01565, 172.74579],
						"0.2917": [87.39, -73.53, 209.2]
					},
					"position": [7.675, -14.525, -13.775],
					"scale": [1, 1.5, 1]
				},
				"righthand": {
					"rotation": [92.55092, -347.50726, -179.66588],
					"position": [-7.025, -14, -5],
					"scale": [1, 1.5, 1]
				},
				"constraint": {
					"rotation": [0.2, 0.2, 0.2],
					"position": [0.2, 0.2, 0.2]
				},
				"root": {
					"rotation": {
						"0.0417": [0, 0, 0],
						"0.0833": [1.45, 1.05, -1.81],
						"0.125": [3.72, 2.14, -3.9],
						"0.1667": [7.49, 0.33, -2.48],
						"0.2083": [12.27, -4.89, 3.26],
						"0.25": [18.42, -12.55, 11.91],
						"0.2917": [24.34, -20.21, 20.64],
						"0.3333": [28.41, -25.46, 26.61]
					},
					"position": {
						"0.0": [0, 0, 0],
						"0.0417": [0, 0.22, 0.81],
						"0.0833": [0, 0.44, 1.96],
						"0.125": [0, 0, 3],
						"0.1667": [0, -1.22, 3.62],
						"0.2083": [0, -3, 4.19],
						"0.25": [0, -4.78, 4.66],
						"0.2917": [0, -6, 5]
					}
				},
				"camera": {
					"rotation": {
						"0.0": [0, 0, 0],
						"0.0417": [-0.21, 0, 0.22],
						"0.0833": [-0.36, 0, 0.36],
						"0.125": [-0.13, 0, 0.1],
						"0.1667": [0.13, 0, -0.19],
						"0.2083": [0.09, 0, -0.13],
						"0.25": [0, 0, 0],
						"0.2917": [-0.01, 0, 0.01],
						"0.3333": [0, 0, 0]
					}
				}
			}
		},
		"reload_tactical": {
			"animation_length": 2.6667,
			"bones": {
				"lefthand": {
					"rotation": {
						"0.0": [96.63479, -2.01565, 172.74579],
						"0.0833": [100.69571, -7.97517, 172.04704],
						"0.1667": [130.80175, -22.89993, 138.38364],
						"0.2917": [146.0488, 0.29718, 165.23612],
						"0.4583": [146.0488, 0.29718, 165.23612],
						"0.7083": [146.0488, 0.29718, 165.23612],
						"0.7917": [122.00358, -1.82467, 168.62746],
						"1.2917": [122.00358, -1.82467, 168.62746],
						"1.4583": [122.00358, -1.82467, 168.62746],
						"1.5417": [122.00358, -1.82467, 168.62746],
						"1.625": [91.64264, -42.90174, 235.19267],
						"1.75": [77.21878, -47.64306, 254.42563],
						"1.7917": [70.679, -25.1745, 261.71745],
						"1.9167": [72.34586, -39.38803, 259.89183],
						"2.0833": [91.75274, -0.49438, 190.45295],
						"2.1667": [96.63479, -2.01565, 172.74579]
					},
					"position": {
						"0.0": [7.675, -14.525, -13.775],
						"0.0833": [7.675, -14.525, -13.775],
						"0.1667": [9.805, -14.95, -7.59],
						"0.2917": [7.68, -15.595, 1.695],
						"0.4583": [7.68, -15.595, 1.695],
						"0.7083": [7.68, -15.595, 1.695],
						"0.7917": [7.68, -15.595, 1.495],
						"1.2917": [7.68, -15.595, 1.495],
						"1.4583": [7.68, -15.595, 1.495],
						"1.5417": [7.68, -15.595, 1.495],
						"1.625": [8.03, -20.74, 0.35],
						"1.75": [7.28, -23.59, 0.35],
						"1.7917": [6.43, -19.365, 0.35],
						"1.9167": [6.83, -20.17, 0.35],
						"2.0833": [8.61, -15.65, -12.25],
						"2.1667": [7.675, -14.525, -13.775]
					},
					"scale": [1, 1.5, 1]
				},
				"righthand": {
					"rotation": {
						"0.1667": [92.55092, -347.50726, -179.66588],
						"0.375": [111.98024, -340.66628, -160.93146],
						"1.9583": [111.98024, -340.66628, -160.93146],
						"2.125": [92.55092, -347.50726, -179.66588]
					},
					"position": {
						"0.1667": [-7.025, -14, -5],
						"0.375": [-6.6, -13.775, -4.7],
						"1.9583": [-6.6, -13.775, -4.7],
						"2.125": [-7.025, -14, -5]
					},
					"scale": [1, 1.5, 1]
				},
				"constraint": {
					"rotation": {
						"0.0": [0, 0, 0],
						"0.0417": [0, 0, 0],
						"0.0833": [0.01, 0.01, 0.01],
						"0.125": [0.01, 0.01, 0.01],
						"0.1667": [0.02, 0.02, 0.02],
						"0.2083": [0.02, 0.02, 0.02],
						"0.25": [0.02, 0.02, 0.02],
						"0.2917": [0.03, 0.03, 0.03],
						"0.3333": [0.03, 0.03, 0.03],
						"0.375": [0.03, 0.03, 0.03],
						"0.4167": [0.04, 0.04, 0.04],
						"0.4583": [0.04, 0.04, 0.04],
						"0.5": [0.05, 0.05, 0.05],
						"0.5417": [0.05, 0.05, 0.05],
						"0.5833": [0.05, 0.05, 0.05],
						"0.625": [0.06, 0.06, 0.06],
						"0.6667": [0.06, 0.06, 0.06],
						"0.7083": [0.07, 0.07, 0.07],
						"0.75": [0.07, 0.07, 0.07],
						"0.7917": [0.07, 0.07, 0.07],
						"0.8333": [0.08, 0.08, 0.08],
						"0.875": [0.08, 0.08, 0.08],
						"0.9167": [0.08, 0.08, 0.08],
						"0.9583": [0.09, 0.09, 0.09],
						"1.0": [0.09, 0.09, 0.09],
						"1.0417": [0.1, 0.1, 0.1],
						"1.0833": [0.1, 0.1, 0.1],
						"1.125": [0.1, 0.1, 0.1],
						"1.1667": [0.11, 0.11, 0.11],
						"1.2083": [0.11, 0.11, 0.11],
						"1.25": [0.12, 0.12, 0.12],
						"1.2917": [0.12, 0.12, 0.12],
						"1.3333": [0.12, 0.12, 0.12],
						"1.375": [0.13, 0.13, 0.13],
						"1.4167": [0.13, 0.13, 0.13],
						"1.4583": [0.13, 0.13, 0.13],
						"1.5": [0.14, 0.14, 0.14],
						"1.5417": [0.14, 0.14, 0.14],
						"1.5833": [0.15, 0.15, 0.15],
						"1.625": [0.15, 0.15, 0.15],
						"1.6667": [0.15, 0.15, 0.15],
						"1.7083": [0.16, 0.16, 0.16],
						"1.75": [0.16, 0.16, 0.16],
						"1.7917": [0.17, 0.17, 0.17],
						"1.8333": [0.17, 0.17, 0.17],
						"1.875": [0.17, 0.17, 0.17],
						"1.9167": [0.18, 0.18, 0.18],
						"1.9583": [0.18, 0.18, 0.18],
						"2.0": [0.18, 0.18, 0.18],
						"2.0417": [0.19, 0.19, 0.19],
						"2.0833": [0.19, 0.19, 0.19],
						"2.125": [0.2, 0.2, 0.2],
						"2.1667": [0.2, 0.2, 0.2]
					},
					"position": {
						"0.0": [0, 0, 0],
						"0.0417": [0, 0, 0],
						"0.0833": [0.01, 0.01, 0.01],
						"0.125": [0.01, 0.01, 0.01],
						"0.1667": [0.02, 0.02, 0.02],
						"0.2083": [0.02, 0.02, 0.02],
						"0.25": [0.02, 0.02, 0.02],
						"0.2917": [0.03, 0.03, 0.03],
						"0.3333": [0.03, 0.03, 0.03],
						"0.375": [0.03, 0.03, 0.03],
						"0.4167": [0.04, 0.04, 0.04],
						"0.4583": [0.04, 0.04, 0.04],
						"0.5": [0.05, 0.05, 0.05],
						"0.5417": [0.05, 0.05, 0.05],
						"0.5833": [0.05, 0.05, 0.05],
						"0.625": [0.06, 0.06, 0.06],
						"0.6667": [0.06, 0.06, 0.06],
						"0.7083": [0.07, 0.07, 0.07],
						"0.75": [0.07, 0.07, 0.07],
						"0.7917": [0.07, 0.07, 0.07],
						"0.8333": [0.08, 0.08, 0.08],
						"0.875": [0.08, 0.08, 0.08],
						"0.9167": [0.08, 0.08, 0.08],
						"0.9583": [0.09, 0.09, 0.09],
						"1.0": [0.09, 0.09, 0.09],
						"1.0417": [0.1, 0.1, 0.1],
						"1.0833": [0.1, 0.1, 0.1],
						"1.125": [0.1, 0.1, 0.1],
						"1.1667": [0.11, 0.11, 0.11],
						"1.2083": [0.11, 0.11, 0.11],
						"1.25": [0.12, 0.12, 0.12],
						"1.2917": [0.12, 0.12, 0.12],
						"1.3333": [0.12, 0.12, 0.12],
						"1.375": [0.13, 0.13, 0.13],
						"1.4167": [0.13, 0.13, 0.13],
						"1.4583": [0.13, 0.13, 0.13],
						"1.5": [0.14, 0.14, 0.14],
						"1.5417": [0.14, 0.14, 0.14],
						"1.5833": [0.15, 0.15, 0.15],
						"1.625": [0.15, 0.15, 0.15],
						"1.6667": [0.15, 0.15, 0.15],
						"1.7083": [0.16, 0.16, 0.16],
						"1.75": [0.16, 0.16, 0.16],
						"1.7917": [0.17, 0.17, 0.17],
						"1.8333": [0.17, 0.17, 0.17],
						"1.875": [0.17, 0.17, 0.17],
						"1.9167": [0.18, 0.18, 0.18],
						"1.9583": [0.18, 0.18, 0.18],
						"2.0": [0.18, 0.18, 0.18],
						"2.0417": [0.19, 0.19, 0.19],
						"2.0833": [0.19, 0.19, 0.19],
						"2.125": [0.2, 0.2, 0.2],
						"2.1667": [0.2, 0.2, 0.2]
					}
				},
				"root": {
					"rotation": {
						"0.0417": {
							"pre": [0, 0, 0],
							"post": [0, 0, 0],
							"lerp_mode": "catmullrom"
						},
						"0.125": {
							"post": [2.5, 0, 0],
							"lerp_mode": "catmullrom"
						},
						"0.25": {
							"post": [-5.33, -4.8, -23.37],
							"lerp_mode": "catmullrom"
						},
						"0.375": {
							"post": [-8.745, -6.73, -37.66],
							"lerp_mode": "catmullrom"
						},
						"0.5": {
							"post": [-4.795, -5.16, -36.31],
							"lerp_mode": "catmullrom"
						},
						"0.5417": {
							"post": [-9.54131, -5.38038, -28.80396],
							"lerp_mode": "catmullrom"
						},
						"0.5833": {
							"post": [-10.79799, -6.63854, -38.68136],
							"lerp_mode": "catmullrom"
						},
						"0.6667": {
							"post": [-12.90518, -6.42231, -31.2782],
							"lerp_mode": "catmullrom"
						},
						"0.75": {
							"post": [-11.96, -6.27, -37.745],
							"lerp_mode": "catmullrom"
						},
						"0.875": {
							"post": [-10.365, -5.41, -36.45],
							"lerp_mode": "catmullrom"
						},
						"1.125": {
							"post": [-7.33, -3.33, -43.12],
							"lerp_mode": "catmullrom"
						},
						"1.2083": {
							"post": [-10.16224, -7.3703, -46.05436],
							"lerp_mode": "catmullrom"
						},
						"1.25": {
							"post": [-10.98734, -8.10449, -43.96957],
							"lerp_mode": "catmullrom"
						},
						"1.375": {
							"post": [-14.725, -13.11, -43.08],
							"lerp_mode": "catmullrom"
						},
						"1.4167": {
							"post": [-11.865, -11.685, -34.695],
							"lerp_mode": "catmullrom"
						},
						"1.4583": {
							"post": [-12.39, -12.66, -39.545],
							"lerp_mode": "catmullrom"
						},
						"1.5417": {
							"post": [-12.915, -13.64, -38.045],
							"lerp_mode": "catmullrom"
						},
						"1.5833": {
							"post": [-15.28, -11.95, -36.55],
							"lerp_mode": "catmullrom"
						},
						"1.6667": {
							"post": [-16.84, -11.19, -29.38],
							"lerp_mode": "catmullrom"
						},
						"1.75": {
							"post": [-17.605, -11.36, -26.285],
							"lerp_mode": "catmullrom"
						},
						"1.7917": {
							"post": [-12.26, -11.32, -34.25],
							"lerp_mode": "catmullrom"
						},
						"1.8333": {
							"post": [-14.52, -11.07, -27.18],
							"lerp_mode": "catmullrom"
						},
						"1.9167": {
							"post": [-16.79, -10.81, -32.01],
							"lerp_mode": "catmullrom"
						},
						"2.0": {
							"post": [-14.335, -10.84, -27.575],
							"lerp_mode": "catmullrom"
						},
						"2.0833": {
							"post": [-8.5, -6.56, -15.54],
							"lerp_mode": "catmullrom"
						},
						"2.125": {
							"post": [1.77, -4.42, -9.53],
							"lerp_mode": "catmullrom"
						},
						"2.2083": {
							"post": [0.625, -0.14, 2.5],
							"lerp_mode": "catmullrom"
						},
						"2.25": {
							"post": [4.15, 1.63, 5.18],
							"lerp_mode": "catmullrom"
						},
						"2.3333": {
							"post": [0.59, 0.41, -1.1425],
							"lerp_mode": "catmullrom"
						},
						"2.4167": {
							"post": [-0.62, -0.09, 1.21625],
							"lerp_mode": "catmullrom"
						},
						"2.5417": {
							"post": [-0.33125, 0, -0.35],
							"lerp_mode": "catmullrom"
						},
						"2.6667": {
							"post": [0, 0, 0],
							"lerp_mode": "catmullrom"
						}
					},
					"position": {
						"0.0": {
							"post": [0, 0, 0],
							"lerp_mode": "catmullrom"
						},
						"0.0833": {
							"post": [-0.35, -0.66, -0.22],
							"lerp_mode": "catmullrom"
						},
						"0.1667": {
							"post": [-0.715, -0.595, -0.57],
							"lerp_mode": "catmullrom"
						},
						"0.2917": {
							"post": [-1.99375, 2.42625, -1.8425],
							"lerp_mode": "catmullrom"
						},
						"0.375": {
							"post": [-2.81875, 3.39125, -2.3125],
							"lerp_mode": "catmullrom"
						},
						"0.5": {
							"post": [-2.52375, 2.74625, -2.0025],
							"lerp_mode": "catmullrom"
						},
						"0.5417": {
							"post": [-2.31375, 3.14625, -2.0325],
							"lerp_mode": "catmullrom"
						},
						"0.625": {
							"post": [-2.53375, 3.19125, -2.1025],
							"lerp_mode": "catmullrom"
						},
						"0.7917": {
							"post": [-2.60875, 3.56125, -2.6325],
							"lerp_mode": "catmullrom"
						},
						"1.0": {
							"post": [-2.64375, 3.14625, -2.9025],
							"lerp_mode": "catmullrom"
						},
						"1.125": {
							"post": [-2.75, 2.04, -3.7],
							"lerp_mode": "catmullrom"
						},
						"1.2083": {
							"post": [-2.76, 1.7, -4],
							"lerp_mode": "catmullrom"
						},
						"1.25": {
							"post": [-2.78, 1.79, -4.04],
							"lerp_mode": "catmullrom"
						},
						"1.375": {
							"post": [-2.59375, 1.86625, -4.1025],
							"lerp_mode": "catmullrom"
						},
						"1.4167": {
							"post": [-2.29375, 1.37125, -3.7525],
							"lerp_mode": "catmullrom"
						},
						"1.5": {
							"post": [-2.66375, 1.32625, -4.3225],
							"lerp_mode": "catmullrom"
						},
						"1.625": {
							"post": [-2.81875, 2.32625, -4.5025],
							"lerp_mode": "catmullrom"
						},
						"1.75": {
							"post": [-2.61875, 2.91125, -4.6025],
							"lerp_mode": "catmullrom"
						},
						"1.7917": {
							"post": [-3.00875, 2.24625, -4.7725],
							"lerp_mode": "catmullrom"
						},
						"1.875": {
							"post": [-2.92875, 2.36125, -4.7725],
							"lerp_mode": "catmullrom"
						},
						"2.0": {
							"post": [-2.89875, 1.54625, -4.5125],
							"lerp_mode": "catmullrom"
						},
						"2.125": {
							"post": [-0.59, -0.03, -7.53],
							"lerp_mode": "catmullrom"
						},
						"2.2083": {
							"post": [0, -0.32, -2.3],
							"lerp_mode": "catmullrom"
						},
						"2.25": {
							"post": [0, -0.21, 0.2],
							"lerp_mode": "catmullrom"
						},
						"2.3333": {
							"post": [0, 0.04, -0.15],
							"lerp_mode": "catmullrom"
						},
						"2.4167": {
							"post": [0, 0, 0.2],
							"lerp_mode": "catmullrom"
						},
						"2.5417": {
							"post": [0, 0, 0],
							"lerp_mode": "catmullrom"
						}
					}
				},
				"mag_and_lefthand": {
					"rotation": {
						"0.5": [0, 0, 0],
						"0.5417": [-2.5, 0, 0],
						"0.5833": [-2.5, 0, 0],
						"0.625": [-2.5, 0, 0],
						"0.6667": [-2.5, 0, 0],
						"0.7083": [-2.5, 0, 0],
						"0.75": [-2.5, 0, 0],
						"0.7917": [-2.5, 0, 0],
						"0.8333": [-2.5, 0, 0],
						"0.875": [-2.5, 0, 0],
						"0.9167": [-2.5, 0, 0],
						"0.9583": [-2.5, 0, 0],
						"1.0": [-2.5, 0, 0],
						"1.0417": [-2.5, 0, 0],
						"1.125": [-12.57284, 32.86527, -15.03904],
						"1.2083": [-8.31, 0, 0],
						"1.2917": [-3.38, 0, 0],
						"1.375": [-1.25, 0, 0],
						"1.4167": [0, 0, 0],
						"2.2083": [0, 0, 0]
					},
					"position": {
						"0.4583": [0, 0, 0],
						"0.5": [0, -1, 0],
						"0.5417": [-0.82, -4.95, -0.07],
						"0.5833": [-1.98, -10.25, 1.735],
						"0.625": [-3, -14.09, 4],
						"0.6667": [-3.23, -14.62, 4.16],
						"0.7083": [-3.49, -15.02, 4.3],
						"0.75": [-3.76, -15.3, 4.41],
						"0.7917": [-4.03, -15.48, 4.48],
						"0.8333": [-4.28, -15.54, 4.52],
						"0.875": [-4.5, -15.51, 4.52],
						"0.9167": [-4.69, -15.38, 4.49],
						"0.9583": [-4.83, -15.17, 4.43],
						"1.0": [-4.9, -14.88, 4.32],
						"1.0417": [-4.81, -14.09, 4],
						"1.125": [-2.52, -9.08, -2.995],
						"1.2083": [0.36, -2.95875, -1.2425],
						"1.2917": [0.27, -3.2575, -0.88],
						"1.375": [0, -2.95875, -0.24375],
						"1.4167": [0, 0, 0],
						"2.2083": [0, 0, 0]
					}
				},
				"camera": {
					"rotation": {
						"0.0": {
							"post": [0, 0, 0],
							"lerp_mode": "catmullrom"
						},
						"0.0833": {
							"post": [-0.32, 0, 0.39],
							"lerp_mode": "catmullrom"
						},
						"0.1667": {
							"post": [1.25, 0.25, 0.22],
							"lerp_mode": "catmullrom"
						},
						"0.25": {
							"post": [2.3, 0.59, -0.06],
							"lerp_mode": "catmullrom"
						},
						"0.3333": {
							"post": [3.185, 0.82, -0.24],
							"lerp_mode": "catmullrom"
						},
						"0.4167": {
							"post": [3.35, 0.81, -0.07],
							"lerp_mode": "catmullrom"
						},
						"0.5": {
							"post": [3.01, 0.62, -0.02],
							"lerp_mode": "catmullrom"
						},
						"0.5417": {
							"post": [2.94, 0.01, -1.15],
							"lerp_mode": "catmullrom"
						},
						"0.625": {
							"post": [2.9, 0.27, 0.505],
							"lerp_mode": "catmullrom"
						},
						"0.7083": {
							"post": [2.84, 0.49, -0.46],
							"lerp_mode": "catmullrom"
						},
						"0.7917": {
							"post": [3.05, 0.67, 0.21],
							"lerp_mode": "catmullrom"
						},
						"0.875": {
							"post": [3.12, 0.5, 0.065],
							"lerp_mode": "catmullrom"
						},
						"0.9583": {
							"post": [3.2, 0.23, 0.27],
							"lerp_mode": "catmullrom"
						},
						"1.0417": {
							"post": [3.28, -0.07, 0.34],
							"lerp_mode": "catmullrom"
						},
						"1.125": {
							"post": [3.34, -0.3, 0.39],
							"lerp_mode": "catmullrom"
						},
						"1.2083": {
							"post": [3.33, -0.43, 0.41],
							"lerp_mode": "catmullrom"
						},
						"1.2917": {
							"post": [3.22, -0.37, 0.33],
							"lerp_mode": "catmullrom"
						},
						"1.375": {
							"post": [3.15, -0.27, 0.41],
							"lerp_mode": "catmullrom"
						},
						"1.4167": {
							"post": [3.31, -0.09, 1.38],
							"lerp_mode": "catmullrom"
						},
						"1.4583": {
							"post": [3.11, -0.27, -0.055],
							"lerp_mode": "catmullrom"
						},
						"1.5": {
							"post": [3.3, -0.38, 0.12],
							"lerp_mode": "catmullrom"
						},
						"1.5417": {
							"post": [3.51, -0.51, 0.71],
							"lerp_mode": "catmullrom"
						},
						"1.625": {
							"post": [3.52, -0.66, 0.125],
							"lerp_mode": "catmullrom"
						},
						"1.7083": {
							"post": [3.48, -0.81, 0.62],
							"lerp_mode": "catmullrom"
						},
						"1.75": {
							"post": [3.46, -0.84, 0.71],
							"lerp_mode": "catmullrom"
						},
						"1.7917": {
							"post": [3.45, -0.57, 1.6],
							"lerp_mode": "catmullrom"
						},
						"1.8333": {
							"post": [3.64, -0.49, 1.185],
							"lerp_mode": "catmullrom"
						},
						"1.875": {
							"post": [3.45, -0.57, 0.07],
							"lerp_mode": "catmullrom"
						},
						"1.9583": {
							"post": [2.91, -0.51, 1.025],
							"lerp_mode": "catmullrom"
						},
						"2.0417": {
							"post": [2.09, -0.39, 0.41],
							"lerp_mode": "catmullrom"
						},
						"2.125": {
							"post": [0.97, -0.21, 0.12],
							"lerp_mode": "catmullrom"
						},
						"2.2083": {
							"post": [-0.23, -0.04, -0.19],
							"lerp_mode": "catmullrom"
						},
						"2.25": {
							"post": [-0.62, 0.015, 0.62],
							"lerp_mode": "catmullrom"
						},
						"2.3333": {
							"post": [-0.15, -0.005, -0.385],
							"lerp_mode": "catmullrom"
						},
						"2.4167": {
							"post": [0.18, -0.06, 0.06],
							"lerp_mode": "catmullrom"
						},
						"2.5417": {
							"post": [0, 0, 0],
							"lerp_mode": "catmullrom"
						}
					}
				},
				"bullet": {
					"scale": {
						"0.0": [0, 0, 0],
						"1.0417": [0, 0, 0],
						"1.0833": {"pre": [0, 0, 0], "post": [1, 1, 1]}
					}
				}
			},
			"sound_effects": {
				"0.0": {
					"effect": "tacz:aug/aug_reload_raise"
				},
				"0.3333": {
					"effect": "tacz:aug/aug_inspect_maggrab"
				},
				"0.5": {
					"effect": "tacz:aug/aug_reload_magout"
				},
				"1.3333": {
					"effect": "tacz:aug/aug_reload_magin"
				},
				"1.7083": {
					"effect": "tacz:aug/aug_reload_end"
				},
				"1.7917": {
					"effect": "tacz:aug/aug_reload_maghitwell"
				}
			}
		},
		"reload_empty": {
			"animation_length": 3.2917,
			"bones": {
				"lefthand": {
					"rotation": {
						"0.0": [96.63479, -2.01565, 172.74579],
						"0.0833": [112.99326, -16.95203, 175.34103],
						"0.125": [105.78563, -59.5896, 223.9238],
						"0.2083": [110.85921, -47.92788, 228.76589],
						"0.2917": [110.8886, -71.08494, 227.9639],
						"0.3333": [110.8886, -71.08494, 227.9639],
						"0.375": [141.98, -49.94, 186.72],
						"0.4167": [157.53021, -39.3683, 166.10044],
						"0.5417": [157.53021, -39.3683, 166.10044],
						"0.625": [136.16579, 13.36401, 151.27904],
						"0.7083": [124.79, -2.05, 139.74],
						"0.7917": [146.0488, 0.29718, 165.23612],
						"1.0": [146.0488, 0.29718, 165.23612],
						"1.25": [146.0488, 0.29718, 165.23612],
						"1.3333": [122.00358, -1.82467, 168.62746],
						"1.6667": [122.00358, -1.82467, 168.62746],
						"1.75": [122.00358, -1.82467, 168.62746],
						"1.8333": [122.00358, -1.82467, 168.62746],
						"1.9583": [91.64264, -42.90174, 235.19267],
						"2.125": [77.21878, -47.64306, 254.42563],
						"2.1667": [70.679, -25.1745, 261.71745],
						"2.2917": [72.34586, -39.38803, 259.89183],
						"2.3333": [127.42, -15.49, 163.19],
						"2.4583": [159.54705, 13.09954, 136.75819],
						"2.5417": [133.80229, 3.8566, 146.43193],
						"2.5833": [134.41692, 2.9508, 146.98693],
						"2.6667": [123.66049, -10.5021, 117.70561],
						"2.7083": [132.94995, -15.85086, 99.2739],
						"2.8333": [96.63479, -2.01565, 172.74579],
						"2.9583": [96.63479, -2.01565, 172.74579]
					},
					"position": {
						"0.0": [7.675, -14.525, -13.775],
						"0.0833": [9.965, -11.915, -12.93],
						"0.125": [9.5, -10.25, -12.09],
						"0.2083": [9.5, -10.25, -12.09],
						"0.2917": [9.5, -10.25, -6.49],
						"0.3333": [9.5, -10.25, -6.49],
						"0.375": [8.99, -9.57, -6.5],
						"0.4167": [8.74, -9.23, -6.51],
						"0.5417": [8.74, -9.23, -6.51],
						"0.625": [10.11823, -13.11685, -3.76372],
						"0.7083": [9.25835, -16.09362, -2.30298],
						"0.7917": [7.68, -15.595, 1.695],
						"1.0": [7.68, -15.595, 1.695],
						"1.25": [7.68, -15.595, 1.695],
						"1.3333": [7.68, -15.595, 1.495],
						"1.6667": [7.68, -15.595, 1.495],
						"1.75": [7.68, -15.595, 1.495],
						"1.8333": [7.68, -15.595, 1.495],
						"1.9583": [8.03, -20.74, 0.35],
						"2.125": [7.28, -23.59, 0.35],
						"2.1667": [6.43, -19.365, 0.35],
						"2.2917": [6.83, -20.17, 0.35],
						"2.3333": [7.06, -17.28, 0.64],
						"2.4583": [9.11683, -9.68709, -6.94441],
						"2.5833": [8.99594, -9.31491, -7.00135],
						"2.625": [11.07782, -13.15471, -1.33731],
						"2.7917": [10.085, -14.07, -9.63],
						"2.875": [7.675, -14.525, -13.775],
						"2.9583": [7.675, -14.525, -13.775]
					},
					"scale": [1, 1.5, 1]
				},
				"righthand": {
					"rotation": {
						"0.5417": [92.55092, -347.50726, -179.66588],
						"0.6667": [99.90365, -338.28728, -172.31745],
						"1.125": [99.90365, -338.28728, -172.31745],
						"1.25": [111.98024, -340.66628, -160.93146],
						"2.2917": [111.98024, -340.66628, -160.93146],
						"2.4583": [92.55092, -347.50726, -179.66588]
					},
					"position": {
						"0.5417": [-7.025, -14, -5],
						"0.6667": [-7.25, -13.775, -4.7],
						"1.125": [-6.475, -13.775, -4.7],
						"1.25": [-6.6, -13.775, -4.7],
						"2.2917": [-6.6, -13.775, -4.7],
						"2.4583": [-7.025, -14, -5]
					},
					"scale": [1, 1.5, 1]
				},
				"constraint": {
					"rotation": [0.2, 0.2, 0.2],
					"position": [0.2, 0.2, 0.2]
				},
				"root": {
					"rotation": {
						"0.0417": {
							"pre": [0, 0, 0],
							"post": [0, 0, 0],
							"lerp_mode": "catmullrom"
						},
						"0.125": {
							"post": [-3.15, -0.16, -3.66],
							"lerp_mode": "catmullrom"
						},
						"0.25": {
							"post": [-3.08, -0.15, -11.405],
							"lerp_mode": "catmullrom"
						},
						"0.375": {
							"post": [-10.44, -0.04, -10.375],
							"lerp_mode": "catmullrom"
						},
						"0.4583": {
							"post": [-9.76, 0.05, -6.475],
							"lerp_mode": "catmullrom"
						},
						"0.5417": {
							"post": [-8.23, 0.24, -6.455],
							"lerp_mode": "catmullrom"
						},
						"0.625": {
							"post": [-7.83, -2.65, -16.735],
							"lerp_mode": "catmullrom"
						},
						"0.75": {
							"post": [-9.695, -4.65, -26.47],
							"lerp_mode": "catmullrom"
						},
						"0.8333": {
							"post": [-10.91, -5.79, -34.12],
							"lerp_mode": "catmullrom"
						},
						"0.9167": {
							"post": [-9.28, -5.65, -31.57],
							"lerp_mode": "catmullrom"
						},
						"0.9583": {
							"post": [-11.86, -5.07, -30.29],
							"lerp_mode": "catmullrom"
						},
						"1.0": {
							"post": [-14.6637, -2.82827, -23.61944],
							"lerp_mode": "catmullrom"
						},
						"1.0833": {
							"post": [-11.40525, -3.25733, -32.37294],
							"lerp_mode": "catmullrom"
						},
						"1.1667": {
							"post": [-11.57068, -2.35728, -28.84643],
							"lerp_mode": "catmullrom"
						},
						"1.25": {
							"post": [-11.57188, -3.53749, -34.99875],
							"lerp_mode": "catmullrom"
						},
						"1.3333": {
							"post": [-12.02, -4.36, -38.17],
							"lerp_mode": "catmullrom"
						},
						"1.5417": {
							"post": [-13.91, -6, -38.32],
							"lerp_mode": "catmullrom"
						},
						"1.5833": {
							"post": [-12.67909, -6.68278, -40.23284],
							"lerp_mode": "catmullrom"
						},
						"1.7083": {
							"post": [-13.72797, -7.15956, -40.28455],
							"lerp_mode": "catmullrom"
						},
						"1.75": {
							"post": [-10.8917, -4.68029, -29.83801],
							"lerp_mode": "catmullrom"
						},
						"1.7917": {
							"post": [-9.8116, -5.87823, -37.86916],
							"lerp_mode": "catmullrom"
						},
						"1.8333": {
							"post": [-10.36754, -5.46076, -33.72286],
							"lerp_mode": "catmullrom"
						},
						"1.9167": {
							"post": [-13.11043, -4.02237, -29.96119],
							"lerp_mode": "catmullrom"
						},
						"2.0": {
							"post": [-14.88, -5.35, -35.65],
							"lerp_mode": "catmullrom"
						},
						"2.125": {
							"post": [-15.06537, -5.28242, -37.37791],
							"lerp_mode": "catmullrom"
						},
						"2.1667": {
							"post": [-10.9437, -2.73501, -29.39355],
							"lerp_mode": "catmullrom"
						},
						"2.2083": {
							"post": [-10.01432, -3.90537, -34.63541],
							"lerp_mode": "catmullrom"
						},
						"2.25": {
							"post": [-9.08107, -3.30729, -30.04966],
							"lerp_mode": "catmullrom"
						},
						"2.3333": {
							"post": [-1.015, 2.12, -6.565],
							"lerp_mode": "catmullrom"
						},
						"2.4167": {
							"post": [0.865, 3.91, 2.67],
							"lerp_mode": "catmullrom"
						},
						"2.5": {
							"post": [-5.11, 3.31, 3.725],
							"lerp_mode": "catmullrom"
						},
						"2.5833": {
							"post": [-0.48, 0.6, 8.48],
							"lerp_mode": "catmullrom"
						},
						"2.625": {
							"post": [0.16726, 5.14954, 26.67424],
							"lerp_mode": "catmullrom"
						},
						"2.6667": {
							"post": [-0.49, 6.4375, 6.02],
							"lerp_mode": "catmullrom"
						},
						"2.75": {
							"post": [-4.44, 3.3, 5.695],
							"lerp_mode": "catmullrom"
						},
						"2.7917": {
							"post": [-4.11, 0.91, -2.97],
							"lerp_mode": "catmullrom"
						},
						"2.875": {
							"post": [2.365, 0.5, -2.42],
							"lerp_mode": "catmullrom"
						},
						"2.9583": {
							"post": [2.36, -0.3, -3.49],
							"lerp_mode": "catmullrom"
						},
						"3.0417": {
							"post": [0.99375, 0, 0],
							"lerp_mode": "catmullrom"
						},
						"3.125": {
							"post": [0, 0, 0],
							"lerp_mode": "catmullrom"
						}
					},
					"position": {
						"0.0": {
							"post": [0, 0, 0],
							"lerp_mode": "catmullrom"
						},
						"0.125": {
							"post": [-0.285, -0.46, -0.41],
							"lerp_mode": "catmullrom"
						},
						"0.2083": {
							"post": [-0.285, -0.46, -0.41],
							"lerp_mode": "catmullrom"
						},
						"0.2917": {
							"post": [-0.285, -0.42, -0.41],
							"lerp_mode": "catmullrom"
						},
						"0.375": {
							"post": [-0.285, -0.7, 0.54],
							"lerp_mode": "catmullrom"
						},
						"0.4583": {
							"post": [-0.315, -0.51, 0.26],
							"lerp_mode": "catmullrom"
						},
						"0.5417": {
							"post": [-0.92, -0.125, -0.915],
							"lerp_mode": "catmullrom"
						},
						"0.625": {
							"post": [-1.835, 1.19, -3.23],
							"lerp_mode": "catmullrom"
						},
						"0.7083": {
							"post": [-1.96, 1.815, -3.545],
							"lerp_mode": "catmullrom"
						},
						"0.7917": {
							"post": [-1.895, 1.975, -3.195],
							"lerp_mode": "catmullrom"
						},
						"0.875": {
							"post": [-1.885, 1.875, -2.855],
							"lerp_mode": "catmullrom"
						},
						"0.9167": {
							"post": [-1.72, 1.01, -2.92],
							"lerp_mode": "catmullrom"
						},
						"0.9583": {
							"post": [-1.575, 0.765, -3.025],
							"lerp_mode": "catmullrom"
						},
						"1.0417": {
							"post": [-1.765, 1.32, -3.035],
							"lerp_mode": "catmullrom"
						},
						"1.1667": {
							"post": [-2.015, 1.84, -3.375],
							"lerp_mode": "catmullrom"
						},
						"1.2917": {
							"post": [-2.255, 1.735, -3.355],
							"lerp_mode": "catmullrom"
						},
						"1.4167": {
							"post": [-2.28, 1.11, -3.17],
							"lerp_mode": "catmullrom"
						},
						"1.5417": {
							"post": [-2.24, 1.385, -2.985],
							"lerp_mode": "catmullrom"
						},
						"1.5833": {
							"post": [-2.17, 1.66, -2.97],
							"lerp_mode": "catmullrom"
						},
						"1.7083": {
							"post": [-1.945, 1.5, -2.995],
							"lerp_mode": "catmullrom"
						},
						"1.7917": {
							"post": [-2.205, 0.605, -3.315],
							"lerp_mode": "catmullrom"
						},
						"1.875": {
							"post": [-2.035, 1.64, -3.055],
							"lerp_mode": "catmullrom"
						},
						"1.9583": {
							"post": [-1.915, 1.47, -3.02],
							"lerp_mode": "catmullrom"
						},
						"2.125": {
							"post": [-1.925, 1.91, -3.24],
							"lerp_mode": "catmullrom"
						},
						"2.1667": {
							"post": [-1.69, 2.62, -3.21],
							"lerp_mode": "catmullrom"
						},
						"2.2917": {
							"post": [-1.455, 1.7, -2.26],
							"lerp_mode": "catmullrom"
						},
						"2.375": {
							"post": [-0.79, 0.615, -1.055],
							"lerp_mode": "catmullrom"
						},
						"2.4583": {
							"post": [-0.515, -0.09, -0.515],
							"lerp_mode": "catmullrom"
						},
						"2.5417": {
							"post": [-0.365, -0.645, -0.705],
							"lerp_mode": "catmullrom"
						},
						"2.5833": {
							"post": [-0.445, -1.995, -1.93],
							"lerp_mode": "catmullrom"
						},
						"2.625": {
							"post": [-0.525, -1.6, -3.15],
							"lerp_mode": "catmullrom"
						},
						"2.7083": {
							"post": [0.09, -1.83, -2.3],
							"lerp_mode": "catmullrom"
						},
						"2.7917": {
							"post": [0.06, -1.27, -3.445],
							"lerp_mode": "catmullrom"
						},
						"2.9167": {
							"post": [-0.01, -0.955, -2.82],
							"lerp_mode": "catmullrom"
						},
						"3.0": {
							"post": [0, -0.35, 0.025],
							"lerp_mode": "catmullrom"
						},
						"3.0833": {
							"post": [0, 0, -0.2],
							"lerp_mode": "catmullrom"
						},
						"3.1667": {
							"post": [0, 0, 0.15],
							"lerp_mode": "catmullrom"
						},
						"3.2917": {
							"post": [0, 0, 0],
							"lerp_mode": "catmullrom"
						}
					}
				},
				"mag_and_lefthand": {
					"rotation": {
						"0.875": [0, 0, 0],
						"0.9167": [-1.25, 0, 0],
						"0.9583": [-2.5, 0, 0],
						"1.0": [-2.5, 0, 0],
						"1.0417": [-2.47, 0.19, 4.44],
						"1.0833": [-2.44, 0.45, 10.55],
						"1.125": [-2.41, 0.65, 14.99],
						"1.1667": [-2.38, 0.69, 16.03],
						"1.2083": [-2.31, 0.72, 16.65],
						"1.25": [-2.25, 0.73, 16.86],
						"1.2917": [-2.22, 0.72, 16.65],
						"1.3333": [-2.26, 0.69, 16.03],
						"1.375": [-2.41, 0.65, 14.99],
						"1.4583": [-8.83608, 14.28804, -18.63168],
						"1.5417": [-3.49787, -0.12207, -1.99627],
						"1.7083": [1.5, 0, 0],
						"1.75": [0, 0, 0]
					},
					"position": {
						"0.8333": [0, 0, 0],
						"0.875": [0, -0.5, 0],
						"0.9167": [0, -1, 0],
						"0.9583": [0, -1, 0],
						"1.0": [-0.93, -5.28, 0.13],
						"1.0417": [-2.22, -11.17, 0.32],
						"1.0833": [-3.15, -15.45, 0.45],
						"1.125": [-3.37, -16.42, 0.49],
						"1.1667": [-3.5, -16.95, 0.53],
						"1.2083": [-3.55, -17.07, 0.55],
						"1.25": [-3.5, -16.84, 0.56],
						"1.2917": [-3.37, -16.28, 0.52],
						"1.3333": [-3.15, -15.45, 0.45],
						"1.375": [-2.51, -13.1, 0.19],
						"1.4583": [-0.64, -6.24, -0.57],
						"1.5417": [0.275, -3.04, -0.795],
						"1.625": [0.14, -3.24, -0.26],
						"1.7083": [0, -2.915, 0.18],
						"1.75": [0, 0, 0]
					}
				},
				"aug_charge": {
					"rotation": {
						"0.375": [0, 0, 0],
						"0.4167": [0, 0, -27.5],
						"0.4583": [0, 0, -27.76],
						"0.5": [0, 0, -28.01],
						"0.5417": [0, 0, -28.25],
						"0.5833": [0, 0, -28.48],
						"0.625": [0, 0, -28.69],
						"0.6667": [0, 0, -28.9],
						"0.7083": [0, 0, -29.1],
						"0.75": [0, 0, -29.29],
						"0.7917": [0, 0, -29.47],
						"0.8333": [0, 0, -29.64],
						"0.875": [0, 0, -29.79],
						"0.9167": [0, 0, -29.94],
						"0.9583": [0, 0, -30.08],
						"1.0": [0, 0, -30.21],
						"1.0417": [0, 0, -30.32],
						"1.0833": [0, 0, -30.43],
						"1.125": [0, 0, -30.53],
						"1.1667": [0, 0, -30.61],
						"1.2083": [0, 0, -30.69],
						"1.25": [0, 0, -30.75],
						"1.2917": [0, 0, -30.81],
						"1.3333": [0, 0, -30.86],
						"1.375": [0, 0, -30.89],
						"1.4167": [0, 0, -30.92],
						"1.4583": [0, 0, -30.93],
						"1.5": [0, 0, -30.94],
						"1.5417": [0, 0, -30.93],
						"1.5833": [0, 0, -30.92],
						"1.625": [0, 0, -30.89],
						"1.6667": [0, 0, -30.86],
						"1.7083": [0, 0, -30.81],
						"1.75": [0, 0, -30.75],
						"1.7917": [0, 0, -30.69],
						"1.8333": [0, 0, -30.61],
						"1.875": [0, 0, -30.53],
						"1.9167": [0, 0, -30.43],
						"1.9583": [0, 0, -30.32],
						"2.0": [0, 0, -30.21],
						"2.0417": [0, 0, -30.08],
						"2.0833": [0, 0, -29.94],
						"2.125": [0, 0, -29.79],
						"2.1667": [0, 0, -29.64],
						"2.2083": [0, 0, -29.47],
						"2.25": [0, 0, -29.29],
						"2.2917": [0, 0, -29.1],
						"2.3333": [0, 0, -28.9],
						"2.375": [0, 0, -28.69],
						"2.4167": [0, 0, -28.48],
						"2.4583": [0, 0, -28.25],
						"2.5": [0, 0, -28.01],
						"2.5417": [0, 0, -27.76],
						"2.5833": [0, 0, -27.5],
						"2.625": [0, 0, 0]
					},
					"position": {
						"0.2917": [0, 0, 0],
						"0.3333": [0, 0, 5],
						"0.375": [0, 0, 5.04],
						"0.4167": [0, 0, 5.09],
						"0.4583": [0, 0, 5.13],
						"0.5": [0, 0, 5.17],
						"0.5417": [0, 0, 5.2],
						"0.5833": [0, 0, 5.24],
						"0.625": [0, 0, 5.27],
						"0.6667": [0, 0, 5.31],
						"0.7083": [0, 0, 5.34],
						"0.75": [0, 0, 5.37],
						"0.7917": [0, 0, 5.39],
						"0.8333": [0, 0, 5.42],
						"0.875": [0, 0, 5.45],
						"0.9167": [0, 0, 5.47],
						"0.9583": [0, 0, 5.49],
						"1.0": [0, 0, 5.51],
						"1.0417": [0, 0, 5.53],
						"1.0833": [0, 0, 5.55],
						"1.125": [0, 0, 5.56],
						"1.1667": [0, 0, 5.57],
						"1.2083": [0, 0, 5.59],
						"1.25": [0, 0, 5.6],
						"1.2917": [0, 0, 5.61],
						"1.3333": [0, 0, 5.61],
						"1.375": [0, 0, 5.62],
						"1.4167": [0, 0, 5.62],
						"1.4583": [0, 0, 5.62],
						"1.5": [0, 0, 5.63],
						"1.5417": [0, 0, 5.62],
						"1.5833": [0, 0, 5.62],
						"1.625": [0, 0, 5.62],
						"1.6667": [0, 0, 5.61],
						"1.7083": [0, 0, 5.61],
						"1.75": [0, 0, 5.6],
						"1.7917": [0, 0, 5.59],
						"1.8333": [0, 0, 5.57],
						"1.875": [0, 0, 5.56],
						"1.9167": [0, 0, 5.55],
						"1.9583": [0, 0, 5.53],
						"2.0": [0, 0, 5.51],
						"2.0417": [0, 0, 5.49],
						"2.0833": [0, 0, 5.47],
						"2.125": [0, 0, 5.45],
						"2.1667": [0, 0, 5.42],
						"2.2083": [0, 0, 5.39],
						"2.25": [0, 0, 5.37],
						"2.2917": [0, 0, 5.34],
						"2.3333": [0, 0, 5.31],
						"2.375": [0, 0, 5.27],
						"2.4167": [0, 0, 5.24],
						"2.4583": [0, 0, 5.2],
						"2.5": [0, 0, 5.17],
						"2.5417": [0, 0, 5.13],
						"2.5833": [0, 0, 5.09],
						"2.625": [0, 0, 5.04],
						"2.6667": [0, 0, 0],
						"2.7083": [0, 0, 0.32],
						"2.75": [0, 0, 0]
					}
				},
				"camera": {
					"rotation": {
						"0.0": [0, 0, 0],
						"0.0417": [0.22, -0.13, -0.19],
						"0.0833": [0.53, -0.3, -0.46],
						"0.125": [0.75, -0.43, -0.65],
						"0.1667": [0.83, -0.46, -0.74],
						"0.2083": [0.86, -0.47, -0.81],
						"0.25": [0.84, -0.45, -0.8],
						"0.2917": [0.75, -0.43, -0.65],
						"0.3333": [-0.27, -0.28, 1.2],
						"0.375": [0.25, -0.28, -0.93],
						"0.4167": [-0.29, -0.17, -0.61],
						"0.4583": [0.14, 0.04, -0.09],
						"0.5": [0.96, 0.14, -0.11],
						"0.5417": [2.15, 0.26, -0.19],
						"0.5833": [3.56, 0.39, -0.31],
						"0.625": [5.04, 0.53, -0.44],
						"0.6667": [6.45, 0.65, -0.56],
						"0.7083": [7.65, 0.75, -0.66],
						"0.75": [8.47, 0.81, -0.72],
						"0.7917": [9.02, 0.83, -0.75],
						"0.8333": [9.11, 0.81, -0.75],
						"0.875": [8.92, 0.75, -0.71],
						"0.9167": [8.65, 0.66, -0.62],
						"0.9583": [8.47, 0.55, -0.46],
						"1.0": [7.76, -0.39, 1.29],
						"1.0417": [7.95, -0.22, 0.35],
						"1.0833": [8.03, 0.07, -0.7],
						"1.125": [7.37, 0.14, -0.36],
						"1.1667": [6.5, 0.14, 0.24],
						"1.2083": [5.62, 0.15, 0.31],
						"1.25": [5.04, 0.07, 0.24],
						"1.2917": [5.08, -0.03, 0.2],
						"1.3333": [5.26, -0.17, 0.14],
						"1.375": [5.51, -0.32, 0.08],
						"1.4167": [5.74, -0.46, 0.03],
						"1.4583": [5.89, -0.54, 0.01],
						"1.5": [5.93, -0.57, 0.04],
						"1.5417": [5.93, -0.57, 0.11],
						"1.5833": [5.9, -0.56, 0.2],
						"1.625": [5.86, -0.53, 0.28],
						"1.6667": [5.8, -0.5, 0.3],
						"1.7083": [5.75, -0.48, 0.24],
						"1.75": [5.21, -0.36, -1.26],
						"1.7917": [5.51, -0.36, 0.82],
						"1.8333": [5.55, -0.36, 0.39],
						"1.875": [5.54, -0.36, -0.26],
						"1.9167": [5.54, -0.36, -0.25],
						"1.9583": [5.54, -0.35, -0.13],
						"2.0": [5.54, -0.35, 0.03],
						"2.0417": [5.53, -0.35, 0.15],
						"2.0833": [5.51, -0.36, 0.15],
						"2.125": [5.3, -0.54, -1.02],
						"2.1667": [5.48, -0.48, -0.48],
						"2.2083": [5.42, -0.36, 0.17],
						"2.25": [4.69, -0.26, 0.07],
						"2.2917": [3.32, -0.12, -0.08],
						"2.3333": [2.15, 0, 0.05],
						"2.375": [0.68, 0.15, 0.26],
						"2.4167": [-0.73, 0.29, 0.48],
						"2.4583": [-1.7, 0.39, 0.64],
						"2.5": [-2.12, 0.43, 0.62],
						"2.5417": [-1.98, 0.41, 0.52],
						"2.5833": [-1.7, 0.39, 0.64],
						"2.625": [-0.38, 0.39, 2.64],
						"2.6667": [-0.37, 0.4, 1.27],
						"2.7083": [-0.61, 0.41, -0.16],
						"2.75": [-1.06, 0.44, 0.5],
						"2.7917": [-1.27, 0.39, 1.32],
						"2.8333": [-0.79, 0.2, 0.97],
						"2.875": [-0.05, -0.05, 0.29],
						"2.9167": [0.44, -0.2, -0.2],
						"2.9583": [0.41, -0.14, -0.21],
						"3.0": [0.13, 0.02, -0.01],
						"3.0417": [-0.09, 0.13, 0.13],
						"3.0833": [-0.1, 0.11, 0.11],
						"3.125": [-0.05, 0.05, 0.05],
						"3.1667": [0, 0, 0]
					}
				},
				"bullet": {
					"scale": {
						"0.0": [0, 0, 0],
						"1.2083": [0, 0, 0],
						"1.25": {"pre": [0, 0, 0], "post": [1, 1, 1]}
					}
				}
			},
			"sound_effects": {
				"0.0": {
					"effect": "tacz:aug/aug_reload_empty_raise"
				},
				"0.25": {
					"effect": "tacz:aug/aug_reload_empty_boltlock"
				},
				"0.6667": {
					"effect": "tacz:aug/aug_reload_empty_raise"
				},
				"0.75": {
					"effect": "tacz:aug/aug_inspect_maggrab"
				},
				"0.8333": {
					"effect": "tacz:aug/aug_reload_empty_magout"
				},
				"1.375": {
					"effect": "tacz:mag_drop_sound/mag_drop_ar_poly_dirt"
				},
				"1.5417": {
					"effect": "tacz:aug/aug_reload_empty_maghit"
				},
				"1.7083": {
					"effect": "tacz:aug/aug_reload_empty_magin"
				},
				"2.125": {
					"effect": "tacz:aug/aug_reload_maghitwell"
				},
				"2.5": {
					"effect": "tacz:aug/aug_reload_empty_boltclose"
				},
				"2.75": {
					"effect": "tacz:aug/aug_reload_empty_end"
				}
			}
		},
		"shoot": {
			"loop": true,
			"animation_length": 0.625,
			"bones": {
				"constraint": {
					"rotation": {
						"0.125": [0.2, 0.2, 0.2],
						"0.1667": [0.17, 0.17, 0.17],
						"0.2083": [0.13, 0.13, 0.13],
						"0.25": [0.1, 0.1, 0.1],
						"0.2917": [0.07, 0.07, 0.07],
						"0.3333": [0.03, 0.03, 0.03],
						"0.375": [0, 0, 0]
					},
					"position": {
						"0.125": [0.2, 0.2, 0.2],
						"0.1667": [0.17, 0.17, 0.17],
						"0.2083": [0.13, 0.13, 0.13],
						"0.25": [0.1, 0.1, 0.1],
						"0.2917": [0.07, 0.07, 0.07],
						"0.3333": [0.03, 0.03, 0.03],
						"0.375": [0, 0, 0]
					}
				},
				"root": {
					"rotation": {
						"0.0": [0, 0, 0],
						"0.0417": [1.23, 0, 0.73],
						"0.0833": [-1.99, 0, -1.23],
						"0.125": [-0.91, 0, -0.35],
						"0.1667": [0.18, 0, 0.53],
						"0.2083": [0.27, 0, 0.27],
						"0.25": [0.36, 0, 0.01],
						"0.2917": [0.38, -0.07, -0.08],
						"0.3333": [0.3, -0.13, 0.08],
						"0.375": [0.23, -0.2, 0.25],
						"0.4167": [0.14, -0.14, 0.09],
						"0.4583": [0.1, -0.11, 0.01],
						"0.5": [0.06, -0.07, -0.07],
						"0.5417": [0.04, -0.06, -0.06],
						"0.5833": [0.01, -0.02, -0.02],
						"0.625": [0, 0, 0]
					},
					"position": {
						"0.0": [0, 0, 0],
						"0.0417": [0, -0.02, 1.73],
						"0.0833": [0, -0.05, 0.67],
						"0.125": [0, -0.05, -0.04],
						"0.1667": [0, -0.04, -0.01],
						"0.2083": [0, -0.04, 0.03],
						"0.25": [0, -0.03, 0.06],
						"0.2917": [0, -0.02, 0.07],
						"0.3333": [0, -0.01, 0.03],
						"0.375": [0, 0, 0]
					}
				},
				"camera": {
					"rotation": {
						"0.0": [0, 0, 0],
						"0.0417": [0, 0, 0.6],
						"0.0833": [0, 0, -0.07],
						"0.125": [0, 0, 0.33],
						"0.1667": [0, 0, 0.08],
						"0.2083": [0, 0, -0.22],
						"0.25": [0, 0, -0.15],
						"0.2917": [0, 0, 0.02],
						"0.3333": [0, 0, 0.01],
						"0.375": [0, 0, 0]
					}
				},
				"aug_bolt": {
					"position": {
						"0.0": [0, 0, 0],
						"0.0417": [0, 0, 5],
						"0.125": [0, 0, 0]
					}
				},
				"bullet_in_barrel": {
					"rotation": {
						"0.0417": [0, 0, 0],
						"0.0833": [-7.5, 0, 0],
						"0.125": [0, 0, 0]
					},
					"position": {
						"0.0417": [0, -0.3125, 0],
						"0.0833": [0, -0.2475, 0],
						"0.125": [0, 0, 0]
					},
					"scale": {
						"0.0": [0, 0, 0],
						"0.0417": {"pre": [0, 0, 0], "post": [1, 1, 1]},
						"0.0833": [1, 1, 1]
					}
				}
			}
		},
		"inspect": {
			"animation_length": 5.1,
			"bones": {
				"root": {
					"rotation": {
						"0.0": {
							"post": [0, 0, 0],
							"lerp_mode": "catmullrom"
						},
						"0.1": {
							"post": [0, 1, 5],
							"lerp_mode": "catmullrom"
						},
						"0.3333": {
							"post": [-9.08328, -9.75107, -28.74738],
							"lerp_mode": "catmullrom"
						},
						"0.5": {
							"post": [-9.29, -9.5, -28.05],
							"lerp_mode": "catmullrom"
						},
						"0.5333": {
							"post": [-9.94707, -8.44286, -22.36688],
							"lerp_mode": "catmullrom"
						},
						"0.6": {
							"post": [-8.6297, -8.93861, -27.24142],
							"lerp_mode": "catmullrom"
						},
						"0.8": {
							"post": [-7.60343, -6.54818, -18.97559],
							"lerp_mode": "catmullrom"
						},
						"1.1": {
							"post": [-7.29625, -6.61409, -19.47451],
							"lerp_mode": "catmullrom"
						},
						"1.4333": {
							"post": [-7.23615, -6.31022, -16.98982],
							"lerp_mode": "catmullrom"
						},
						"1.7667": {
							"post": [-6.89833, -6.31825, -17.00109],
							"lerp_mode": "catmullrom"
						},
						"2.1333": {
							"post": [-7.60343, -6.54818, -18.97559],
							"lerp_mode": "catmullrom"
						},
						"2.2667": {
							"post": [-4.69613, -5.55017, -14.15985],
							"lerp_mode": "catmullrom"
						},
						"2.4333": {
							"post": [3.73892, -6.36318, -21.9933],
							"lerp_mode": "catmullrom"
						},
						"2.5333": {
							"post": [2.86278, -6.0577, -26.38326],
							"lerp_mode": "catmullrom"
						},
						"2.6333": {
							"post": [1.92491, -6.17925, -23.68347],
							"lerp_mode": "catmullrom"
						},
						"2.7333": {
							"post": [2.2092, -6.19841, -23.99924],
							"lerp_mode": "catmullrom"
						},
						"2.7667": {
							"post": [3.94216, -7.30426, -11.20626],
							"lerp_mode": "catmullrom"
						},
						"2.8333": {
							"post": [5.20624, -6.72523, -19.74478],
							"lerp_mode": "catmullrom"
						},
						"2.9": {
							"post": [4.42214, -6.17068, -18.95897],
							"lerp_mode": "catmullrom"
						},
						"2.9667": {
							"post": [3.33459, -6.55102, -13.68965],
							"lerp_mode": "catmullrom"
						},
						"3.1": {
							"post": [-7.3465, -5.96217, 10.22156],
							"lerp_mode": "catmullrom"
						},
						"3.3333": {
							"post": [-19.52419, 8.66121, 53.2413],
							"lerp_mode": "catmullrom"
						},
						"3.4333": {
							"post": [-19.52419, 8.66121, 53.2413],
							"lerp_mode": "catmullrom"
						},
						"3.5": {
							"post": [-20.79315, 9.56679, 51.82679],
							"lerp_mode": "catmullrom"
						},
						"3.6": {
							"post": [-18.49321, 10.04498, 56.73072],
							"lerp_mode": "catmullrom"
						},
						"3.7": {
							"post": [-17.73875, 8.77393, 55.29213],
							"lerp_mode": "catmullrom"
						},
						"3.8": {
							"post": [-18.26912, 9.09476, 55.04853],
							"lerp_mode": "catmullrom"
						},
						"3.9": {
							"post": [-18.49, 10.04, 56.73],
							"lerp_mode": "catmullrom"
						},
						"3.9333": {
							"post": [-16.37018, 8.80329, 62.7278],
							"lerp_mode": "catmullrom"
						},
						"4.0": {
							"post": [-17.59412, 8.55197, 57.91423],
							"lerp_mode": "catmullrom"
						},
						"4.1": {
							"post": [-18.10116, 10.75144, 58.90263],
							"lerp_mode": "catmullrom"
						},
						"4.2667": {
							"post": [-2.59352, -6.23179, 18.8242],
							"lerp_mode": "catmullrom"
						},
						"4.3333": {
							"post": [4.13566, -2.63384, -2.16948],
							"lerp_mode": "catmullrom"
						},
						"4.4667": {
							"post": [3.77139, -0.80104, -3.0592],
							"lerp_mode": "catmullrom"
						},
						"4.5667": {
							"post": [-0.25001, 0.5, 1.49782],
							"lerp_mode": "catmullrom"
						},
						"4.7": {
							"post": [-0.00436, 0.00002, -0.68752],
							"lerp_mode": "catmullrom"
						},
						"4.8333": {
							"post": [0, 0, 0.2],
							"lerp_mode": "catmullrom"
						},
						"5.0": {
							"post": [0, 0, 0],
							"lerp_mode": "catmullrom"
						}
					},
					"position": {
						"0.0": {
							"post": [0, 0, 0],
							"lerp_mode": "catmullrom"
						},
						"0.1": {
							"post": [-0.225, -0.675, -1.125],
							"lerp_mode": "catmullrom"
						},
						"0.3333": {
							"post": [0.25, 1.325, -1.725],
							"lerp_mode": "catmullrom"
						},
						"0.5": {
							"post": [0.35, 1.205, -1.2],
							"lerp_mode": "catmullrom"
						},
						"0.5667": {
							"post": [0.6, 0.195, -1.2],
							"lerp_mode": "catmullrom"
						},
						"0.6": {
							"post": [0.625, 0.5, -1.2],
							"lerp_mode": "catmullrom"
						},
						"0.7333": {
							"post": [-0.07, 1.02, -1.2],
							"lerp_mode": "catmullrom"
						},
						"0.8": {
							"post": [-0.4, 1.38, -1.2],
							"lerp_mode": "catmullrom"
						},
						"1.0667": {
							"post": [-0.575, 1.605, -1.2],
							"lerp_mode": "catmullrom"
						},
						"1.5": {
							"post": [-0.275, 1.42, -1.2],
							"lerp_mode": "catmullrom"
						},
						"1.9": {
							"post": [-0.35, 1.595, -1.2],
							"lerp_mode": "catmullrom"
						},
						"2.1333": {
							"post": [-0.4, 1.88, -1.2],
							"lerp_mode": "catmullrom"
						},
						"2.2667": {
							"post": [-0.455, 0.82, -2.82],
							"lerp_mode": "catmullrom"
						},
						"2.4333": {
							"post": [-0.6, 1.405, -5.075],
							"lerp_mode": "catmullrom"
						},
						"2.7333": {
							"post": [-0.7, 1.53, -5.075],
							"lerp_mode": "catmullrom"
						},
						"2.7667": {
							"post": [-0.475, 0.73, -5.075],
							"lerp_mode": "catmullrom"
						},
						"2.9": {
							"post": [-0.22, 0.83, -5.07],
							"lerp_mode": "catmullrom"
						},
						"2.9667": {
							"post": [-0.16375, 0.38625, -5.07],
							"lerp_mode": "catmullrom"
						},
						"3.1": {
							"post": [0.35, -0.84, -4.8],
							"lerp_mode": "catmullrom"
						},
						"3.3": {
							"post": [1.865, 0.465, -5.52],
							"lerp_mode": "catmullrom"
						},
						"3.4333": {
							"post": [1.85, 0.65, -4.34],
							"lerp_mode": "catmullrom"
						},
						"3.5": {
							"post": [1.86, 0.68, -4.41],
							"lerp_mode": "catmullrom"
						},
						"3.6": {
							"post": [1.74, 0.565, -4.27],
							"lerp_mode": "catmullrom"
						},
						"3.9": {
							"post": [1.74, 0.56, -4.27],
							"lerp_mode": "catmullrom"
						},
						"3.9333": {
							"post": [1.965, 0.36, -4.745],
							"lerp_mode": "catmullrom"
						},
						"4.0667": {
							"post": [1.74, 0.065, -4.57],
							"lerp_mode": "catmullrom"
						},
						"4.1667": {
							"post": [1.625, -1.55, -3.275],
							"lerp_mode": "catmullrom"
						},
						"4.2667": {
							"post": [0.83, -2.05, -3.76],
							"lerp_mode": "catmullrom"
						},
						"4.3333": {
							"post": [0.3, -1.7, -5.175],
							"lerp_mode": "catmullrom"
						},
						"4.4667": {
							"post": [0, -0.125, 0.4],
							"lerp_mode": "catmullrom"
						},
						"4.6": {
							"post": [0, 0, -0.05625],
							"lerp_mode": "catmullrom"
						},
						"4.7667": {
							"post": [0, 0, 0],
							"lerp_mode": "catmullrom"
						}
					}
				},
				"mag_and_lefthand": {
					"rotation": {
						"0.5333": {
							"pre": [0, 0, 0],
							"post": [0, 0, 0],
							"lerp_mode": "catmullrom"
						},
						"0.6": {
							"post": [0, 0, 0],
							"lerp_mode": "catmullrom"
						},
						"0.8333": {
							"post": [-29.91412, -17.20206, 6.58936],
							"lerp_mode": "catmullrom"
						},
						"1.0": {
							"post": [-37.27388, -19.80934, 9.95777],
							"lerp_mode": "catmullrom"
						},
						"1.2667": {
							"post": [-37.27388, -19.80934, 9.95777],
							"lerp_mode": "catmullrom"
						},
						"1.4667": {
							"post": [-40.94832, -16.13147, 16.64386],
							"lerp_mode": "catmullrom"
						},
						"1.6667": {
							"post": [-42.80335, -14.65884, 18.19754],
							"lerp_mode": "catmullrom"
						},
						"2.0333": {
							"post": [-42.66605, -13.98858, 17.58945],
							"lerp_mode": "catmullrom"
						},
						"2.1333": {
							"post": [-30.48, -8.875, 3.225],
							"lerp_mode": "catmullrom"
						},
						"2.2667": {
							"post": [10.55324, -4.28525, -30.86269],
							"lerp_mode": "catmullrom"
						},
						"2.4": {
							"post": [1.98579, 0.57279, -0.95312],
							"lerp_mode": "catmullrom"
						},
						"2.5": [-3, 0, 0],
						"2.7": [0, 0, 0],
						"2.7667": [0, 0, 0]
					},
					"position": {
						"0.5333": {
							"pre": [0, 0, 0],
							"post": [0, 0, 0],
							"lerp_mode": "catmullrom"
						},
						"0.6": {
							"post": [0, -3.1, -0.175],
							"lerp_mode": "catmullrom"
						},
						"0.6667": {
							"post": [2.56666, -6.94886, -4.10342],
							"lerp_mode": "catmullrom"
						},
						"0.7333": {
							"post": [4.76, -5.28, -6],
							"lerp_mode": "catmullrom"
						},
						"0.8333": {
							"post": [5.49716, -1.85741, -7.68392],
							"lerp_mode": "catmullrom"
						},
						"1.0": {
							"post": [5.83354, -1.17493, -8.24643],
							"lerp_mode": "catmullrom"
						},
						"1.3333": {
							"post": [5.64333, -1.2314, -8.1847],
							"lerp_mode": "catmullrom"
						},
						"1.5333": {
							"post": [5.61969, -0.74091, -8.16675],
							"lerp_mode": "catmullrom"
						},
						"2.0": {
							"post": [5.595, -0.9725, -8.32],
							"lerp_mode": "catmullrom"
						},
						"2.1": {
							"post": [5.07, -2.9725, -8.1],
							"lerp_mode": "catmullrom"
						},
						"2.2667": {
							"post": [3.69575, -9.81269, -4.28103],
							"lerp_mode": "catmullrom"
						},
						"2.4": {
							"post": [1.7231, -7.18415, -1.82622],
							"lerp_mode": "catmullrom"
						},
						"2.5": [0, -3.1, -0.175],
						"2.7": [0, -3.1, -0.175],
						"2.7667": [0, 0, 0]
					}
				},
				"lefthand": {
					"rotation": {
						"0.0": [96.63479, -2.01565, 172.74579],
						"0.1": [123.83011, -14.15023, 146.667],
						"0.2333": [135.46548, -50.56282, 164.8657],
						"0.3333": [135.46548, -50.56282, 164.8657],
						"0.5": [135.46548, -50.56282, 164.8657],
						"0.6333": [121.05703, -24.3886, 188.59607],
						"3.0333": [121.06, -24.39, 188.6],
						"3.2": [110.81907, 33.41782, 98.78652],
						"3.3333": [115.68686, 19.62246, 89.72159],
						"3.4333": [115.69, 19.62, 89.72],
						"3.5": [122.2198, 26.78559, 93.59537],
						"3.7": [120.80722, 21.66883, 90.15733],
						"3.9": [120.80722, 21.66883, 90.15733],
						"3.9667": [112.6669, 16.59503, 80.68132],
						"4.1": [110.38, 13.94, 93.83],
						"4.2333": [98.96082, -1.23851, 180.7685],
						"4.3333": [96.63479, -2.01565, 172.74579]
					},
					"position": {
						"0.0": [7.675, -14.525, -13.775],
						"0.0333": [8.91, -14.4, -12.67],
						"0.1": [11.53, -14.145, -6.27],
						"0.2333": [7.98, -16.12, 1.23],
						"0.3333": [7.98, -16.12, 1.23],
						"0.5": [7.98, -16.12, 1.23],
						"3.0333": [7.98, -16.12, 1.23],
						"3.1": [9.53457, -15.66806, -3.76981],
						"3.2": [9.25745, -9.93539, -11.6463],
						"3.4333": [9.25745, -9.93539, -11.6463],
						"3.5": [9.26, -9.94, -9.075],
						"3.9": [9.26, -9.94, -9.075],
						"3.9667": [12.1512, -11.97444, -8.58236],
						"4.1": [11.51, -12.34, -9.32],
						"4.2333": [8.325, -14.525, -13.775],
						"4.3333": [7.675, -14.525, -13.775]
					},
					"scale": [1, 1.5, 1]
				},
				"gun_and_righthand": {
					"rotation": {
						"0.6": {
							"pre": [0, 0, 0],
							"post": [0, 0, 0],
							"lerp_mode": "catmullrom"
						},
						"0.6667": {
							"post": [1.26581, -0.24094, -3.14252],
							"lerp_mode": "catmullrom"
						},
						"0.7667": {
							"post": [1.6233, -0.79914, 1.26667],
							"lerp_mode": "catmullrom"
						},
						"0.8667": {
							"post": [2.07786, -1.11576, -3.32147],
							"lerp_mode": "catmullrom"
						},
						"1.0": {
							"post": [0.82729, -1.11196, 0.06582],
							"lerp_mode": "catmullrom"
						},
						"1.2": {
							"post": [-1.00164, -0.9201, 3.27531],
							"lerp_mode": "catmullrom"
						},
						"1.5": {
							"post": [-0.18886, -0.74113, 0.19931],
							"lerp_mode": "catmullrom"
						},
						"2.0": {
							"post": [-0.94748, 0.28347, 1.83922],
							"lerp_mode": "catmullrom"
						},
						"2.3": {
							"post": [0, 0, 3],
							"lerp_mode": "catmullrom"
						},
						"2.5": {
							"post": [0, 0, 0],
							"lerp_mode": "catmullrom"
						}
					},
					"position": {
						"0.6": {
							"pre": [0, 0, 0],
							"post": [0, 0, 0],
							"lerp_mode": "catmullrom"
						},
						"0.7333": {
							"post": [-0.02856, -0.14746, 0.02378],
							"lerp_mode": "catmullrom"
						},
						"1.0": {
							"post": [-0.5876, -1.03404, 0.13269],
							"lerp_mode": "catmullrom"
						},
						"1.2667": {
							"post": [-0.99521, -0.92709, 0.22167],
							"lerp_mode": "catmullrom"
						},
						"1.7333": {
							"post": [-1.01958, -0.74697, 0.1943],
							"lerp_mode": "catmullrom"
						},
						"2.0333": {
							"post": [-0.8636, -0.90419, 0.17779],
							"lerp_mode": "catmullrom"
						},
						"2.3": {
							"post": [-0.57128, -1.0162, 0.187],
							"lerp_mode": "catmullrom"
						},
						"2.5": {
							"post": [0, 0, 0],
							"lerp_mode": "catmullrom"
						}
					}
				},
				"righthand": {
					"rotation": [92.55092, -347.50726, -179.66588],
					"position": [-7.025, -14, -5],
					"scale": [1, 1.5, 1]
				},
				"aug_charge": {
					"position": {
						"3.4333": [0, 0, 0],
						"3.5": [0, 0, 1.975],
						"3.9": [0, 0, 1.975],
						"3.9333": [0, 0, 0]
					}
				},
				"aug_bolt": {
					"position": {
						"3.4333": [0, 0, 0],
						"3.5": [0, 0, 1.975],
						"3.9": [0, 0, 1.975],
						"3.9333": [0, 0, 0]
					}
				},
				"constraint": {
					"rotation": [0.2, 0.2, 0.2],
					"position": [0.2, 0.2, 0.2]
				},
				"camera": {
					"rotation": {
						"0.0": {
							"post": [0, 0, 0],
							"lerp_mode": "catmullrom"
						},
						"0.1333": {
							"post": [0.405, 0.2, -0.525],
							"lerp_mode": "catmullrom"
						},
						"0.2667": {
							"post": [2.7, 0.625, -0.675],
							"lerp_mode": "catmullrom"
						},
						"0.5333": {
							"post": [2.375, 0.625, -0.675],
							"lerp_mode": "catmullrom"
						},
						"0.5667": {
							"post": [3.92, 0.58, 0.495],
							"lerp_mode": "catmullrom"
						},
						"0.6333": {
							"post": [3.385, 0.44, -1.66],
							"lerp_mode": "catmullrom"
						},
						"0.7": {
							"post": [4.71, -0.07, -0.36],
							"lerp_mode": "catmullrom"
						},
						"0.8667": {
							"post": [5.605, -1.775, 0.925],
							"lerp_mode": "catmullrom"
						},
						"1.2667": {
							"post": [5.825, -2.37, 1.325],
							"lerp_mode": "catmullrom"
						},
						"1.5667": {
							"post": [5.2, -2.68, 1.325],
							"lerp_mode": "catmullrom"
						},
						"1.7333": {
							"post": [4.98, -2.775, 1.125],
							"lerp_mode": "catmullrom"
						},
						"2.1333": {
							"post": [5.78, -2.625, 1],
							"lerp_mode": "catmullrom"
						},
						"2.3333": {
							"post": [3.47, -0.15, -0.4],
							"lerp_mode": "catmullrom"
						},
						"2.4333": {
							"post": [2.41, 0.925, -1],
							"lerp_mode": "catmullrom"
						},
						"2.5": {
							"post": [2, 1.3, -0.615],
							"lerp_mode": "catmullrom"
						},
						"2.5667": {
							"post": [1.83, 1.4, -1.435],
							"lerp_mode": "catmullrom"
						},
						"2.7": {
							"post": [1.535, 1.525, -1],
							"lerp_mode": "catmullrom"
						},
						"2.7333": {
							"post": [2.465, 1.51, 0.235],
							"lerp_mode": "catmullrom"
						},
						"2.8": {
							"post": [0.33, 1.46, -1.825],
							"lerp_mode": "catmullrom"
						},
						"2.9": {
							"post": [1.73, 1.36, -1.135],
							"lerp_mode": "catmullrom"
						},
						"3.0": {
							"post": [1.465, 1.375, -1],
							"lerp_mode": "catmullrom"
						},
						"3.1667": {
							"post": [4.02, 1.91, 0.25],
							"lerp_mode": "catmullrom"
						},
						"3.3": {
							"post": [5.96, 2.325, 1.15],
							"lerp_mode": "catmullrom"
						},
						"3.3667": {
							"post": [6.23, 2.4, 0.86],
							"lerp_mode": "catmullrom"
						},
						"3.4667": {
							"post": [6.29, 2.44, 1.33],
							"lerp_mode": "catmullrom"
						},
						"3.5333": {
							"post": [7.045, 2.47, 0.59],
							"lerp_mode": "catmullrom"
						},
						"3.6": {
							"post": [5.975, 2.5, 1.72],
							"lerp_mode": "catmullrom"
						},
						"3.7": {
							"post": [6.41, 2.55, 1.005],
							"lerp_mode": "catmullrom"
						},
						"3.9": {
							"post": [6.46, 2.625, 1.15],
							"lerp_mode": "catmullrom"
						},
						"3.9333": {
							"post": [7.25, 2.62, 2.47],
							"lerp_mode": "catmullrom"
						},
						"4.0": {
							"post": [5.74, 2.6, -0.02],
							"lerp_mode": "catmullrom"
						},
						"4.1": {
							"post": [5.735, 2.35, 1.15],
							"lerp_mode": "catmullrom"
						},
						"4.3333": {
							"post": [-0.66, 0.675, 0],
							"lerp_mode": "catmullrom"
						},
						"4.4333": {
							"post": [-0.02, 0.21, -0.1],
							"lerp_mode": "catmullrom"
						},
						"4.5": {
							"post": [0.85, 0.05, 0],
							"lerp_mode": "catmullrom"
						},
						"4.5333": {
							"post": [1.19, 0.01, 1.2],
							"lerp_mode": "catmullrom"
						},
						"4.6": {
							"post": [0.44, 0, -0.585],
							"lerp_mode": "catmullrom"
						},
						"4.7": {
							"post": [0.235, 0, 0.29],
							"lerp_mode": "catmullrom"
						},
						"4.8": {
							"post": [0, 0, 0],
							"lerp_mode": "catmullrom"
						}
					}
				},
				"bullet": {
					"scale": 0
				}
			},
			"sound_effects": {
				"0.0333": {
					"effect": "tacz:aug/aug_reload_raise"
				},
				"0.3667": {
					"effect": "tacz:aug/aug_inspect_maggrab"
				},
				"0.5333": {
					"effect": "tacz:aug/aug_reload_magout"
				},
				"0.6667": {
					"effect": "tacz:aug/aug_inspect_maggrab"
				},
				"1.2667": {
					"effect": "tacz:aug/aug_inspect_armin"
				},
				"2.2": {
					"effect": "tacz:aug/aug_inspect_raise"
				},
				"2.5333": {
					"effect": "tacz:aug/aug_inspect_maggrab"
				},
				"2.6333": {
					"effect": "tacz:aug/aug_reload_magin"
				},
				"3.4": {
					"effect": "tacz:aug/aug_reload_empty_boltlock"
				},
				"3.7667": {
					"effect": "tacz:aug/aug_reload_empty_boltclose"
				},
				"4.2": {
					"effect": "tacz:aug/aug_reload_end"
				}
			}
		},
		"inspect_empty": {
			"animation_length": 6.6,
			"bones": {
				"root": {
					"rotation": {
						"0.0": {
							"post": [0, 0, 0],
							"lerp_mode": "catmullrom"
						},
						"0.1": {
							"post": [0, 1, 5],
							"lerp_mode": "catmullrom"
						},
						"0.3333": {
							"post": [-9.08328, -9.75107, -28.74738],
							"lerp_mode": "catmullrom"
						},
						"0.5": {
							"post": [-9.29, -9.5, -28.05],
							"lerp_mode": "catmullrom"
						},
						"0.5333": {
							"post": [-9.94707, -8.44286, -22.36688],
							"lerp_mode": "catmullrom"
						},
						"0.6": {
							"post": [-8.6297, -8.93861, -27.24142],
							"lerp_mode": "catmullrom"
						},
						"0.8": {
							"post": [-7.60343, -6.54818, -18.97559],
							"lerp_mode": "catmullrom"
						},
						"1.1": {
							"post": [-7.29625, -6.61409, -19.47451],
							"lerp_mode": "catmullrom"
						},
						"1.4333": {
							"post": [-7.23615, -6.31022, -16.98982],
							"lerp_mode": "catmullrom"
						},
						"1.7667": {
							"post": [-6.89833, -6.31825, -17.00109],
							"lerp_mode": "catmullrom"
						},
						"2.0": {
							"post": [-7.3465, -5.96217, 10.22156],
							"lerp_mode": "catmullrom"
						},
						"2.2333": {
							"post": [-19.52419, 8.66121, 53.2413],
							"lerp_mode": "catmullrom"
						},
						"2.4333": {
							"post": [-21.04035, 12.48632, 58.47323],
							"lerp_mode": "catmullrom"
						},
						"2.5": {
							"post": [-19.52419, 8.66121, 53.2413],
							"lerp_mode": "catmullrom"
						},
						"2.5667": {
							"post": [-20.79315, 9.56679, 51.82679],
							"lerp_mode": "catmullrom"
						},
						"2.6667": {
							"post": [-18.49321, 10.04498, 56.73072],
							"lerp_mode": "catmullrom"
						},
						"2.7667": {
							"post": [-17.73875, 8.77393, 55.29213],
							"lerp_mode": "catmullrom"
						},
						"2.8": {
							"post": [-16.25359, 5.28938, 50.88598],
							"lerp_mode": "catmullrom"
						},
						"2.8667": {
							"post": [-18.26912, 9.09476, 55.04853],
							"lerp_mode": "catmullrom"
						},
						"2.9333": {
							"post": [-15.40441, 9.14722, 61.59156],
							"lerp_mode": "catmullrom"
						},
						"3.0": {
							"post": [-15.69069, 9.91415, 60.25683],
							"lerp_mode": "catmullrom"
						},
						"3.1": {
							"post": [-14.22257, 7.0274, 58.98641],
							"lerp_mode": "catmullrom"
						},
						"3.1667": {
							"post": [-17.48713, 4.75898, 52.9298],
							"lerp_mode": "catmullrom"
						},
						"3.2667": {
							"post": [-17.06333, 7.91572, 57.88157],
							"lerp_mode": "catmullrom"
						},
						"3.3667": {
							"post": [-16.95147, 7.52696, 57.85171],
							"lerp_mode": "catmullrom"
						},
						"3.5": {
							"post": [-16.21832, 9.02506, 63.45151],
							"lerp_mode": "catmullrom"
						},
						"3.6": {
							"post": [-16.4198, 8.83743, 69.13246],
							"lerp_mode": "catmullrom"
						},
						"3.6667": {
							"post": [-11.45375, 4.73746, 59.12657],
							"lerp_mode": "catmullrom"
						},
						"3.7333": {
							"post": [-11.55166, 6.83896, 64.34359],
							"lerp_mode": "catmullrom"
						},
						"3.8333": {
							"post": [-13.27427, 1.25097, 37.42157],
							"lerp_mode": "catmullrom"
						},
						"4.0": {
							"post": [-3.87332, -4.67741, -6.04807],
							"lerp_mode": "catmullrom"
						},
						"4.1667": {
							"post": [0.30387, -5.55017, -14.15985],
							"lerp_mode": "catmullrom"
						},
						"4.3333": {
							"post": [3.73892, -6.36318, -21.9933],
							"lerp_mode": "catmullrom"
						},
						"4.4333": {
							"post": [2.86278, -6.0577, -26.38326],
							"lerp_mode": "catmullrom"
						},
						"4.5333": {
							"post": [1.92491, -6.17925, -23.68347],
							"lerp_mode": "catmullrom"
						},
						"4.6333": {
							"post": [2.2092, -6.19841, -23.99924],
							"lerp_mode": "catmullrom"
						},
						"4.6667": {
							"post": [3.94216, -7.30426, -11.20626],
							"lerp_mode": "catmullrom"
						},
						"4.7333": {
							"post": [5.20624, -6.72523, -19.74478],
							"lerp_mode": "catmullrom"
						},
						"4.8": {
							"post": [4.42214, -6.17068, -18.95897],
							"lerp_mode": "catmullrom"
						},
						"4.9": {
							"post": [2.91, -5.11, -14.11],
							"lerp_mode": "catmullrom"
						},
						"5.0": {
							"post": [-6.71819, -6.25493, 11.79866],
							"lerp_mode": "catmullrom"
						},
						"5.1333": {
							"post": [-18.49, 10.04, 56.73],
							"lerp_mode": "catmullrom"
						},
						"5.2333": {
							"post": [-15.90227, 9.63724, 65.64731],
							"lerp_mode": "catmullrom"
						},
						"5.3": {
							"post": [-16.12911, 7.39146, 54.04949],
							"lerp_mode": "catmullrom"
						},
						"5.3667": {
							"post": [-16.1316, 10.28629, 60.72703],
							"lerp_mode": "catmullrom"
						},
						"5.4333": {
							"post": [-16.4141, 10.92786, 59.79769],
							"lerp_mode": "catmullrom"
						},
						"5.5": {
							"post": [-14.96592, 9.49592, 53.98613],
							"lerp_mode": "catmullrom"
						},
						"5.7": {
							"post": [-2.59352, -6.23179, 18.8242],
							"lerp_mode": "catmullrom"
						},
						"5.7667": {
							"post": [4.13566, -2.63384, -2.16948],
							"lerp_mode": "catmullrom"
						},
						"5.9": {
							"post": [3.77139, -0.80104, -3.0592],
							"lerp_mode": "catmullrom"
						},
						"6.0": {
							"post": [-0.25001, 0.5, 1.49782],
							"lerp_mode": "catmullrom"
						},
						"6.1333": {
							"post": [-0.00436, 0.00002, -0.68752],
							"lerp_mode": "catmullrom"
						},
						"6.2667": {
							"post": [0, 0, 0.2],
							"lerp_mode": "catmullrom"
						},
						"6.4333": {
							"post": [0, 0, 0],
							"lerp_mode": "catmullrom"
						}
					},
					"position": {
						"0.0": {
							"post": [0, 0, 0],
							"lerp_mode": "catmullrom"
						},
						"0.1": {
							"post": [-0.225, -0.675, -0.4],
							"lerp_mode": "catmullrom"
						},
						"0.3333": {
							"post": [0.25, 1.325, -1.2],
							"lerp_mode": "catmullrom"
						},
						"0.5": {
							"post": [0.35, 1.205, -1.2],
							"lerp_mode": "catmullrom"
						},
						"0.5667": {
							"post": [0.6, 0.195, -1.2],
							"lerp_mode": "catmullrom"
						},
						"0.6": {
							"post": [0.625, 0.5, -1.2],
							"lerp_mode": "catmullrom"
						},
						"0.7333": {
							"post": [-0.07, 1.02, -1.2],
							"lerp_mode": "catmullrom"
						},
						"0.8": {
							"post": [-0.4, 1.38, -1.2],
							"lerp_mode": "catmullrom"
						},
						"1.0667": {
							"post": [-0.575, 1.605, -1.2],
							"lerp_mode": "catmullrom"
						},
						"1.5": {
							"post": [-0.275, 1.42, -1.2],
							"lerp_mode": "catmullrom"
						},
						"1.9": {
							"post": [-0.35, 1.595, -1.2],
							"lerp_mode": "catmullrom"
						},
						"2.1667": {
							"post": [0.35, -0.39, -2.125],
							"lerp_mode": "catmullrom"
						},
						"2.3667": {
							"post": [1.865, 0.465, -5.52],
							"lerp_mode": "catmullrom"
						},
						"2.5": {
							"post": [1.85, 0.65, -4.34],
							"lerp_mode": "catmullrom"
						},
						"2.5667": {
							"post": [1.86, 0.68, -4.41],
							"lerp_mode": "catmullrom"
						},
						"2.6667": {
							"post": [1.74, 0.565, -4.27],
							"lerp_mode": "catmullrom"
						},
						"2.8": {
							"post": [2.03, 0.36, -4.835],
							"lerp_mode": "catmullrom"
						},
						"2.9": {
							"post": [2.02, -0.005, -4.26],
							"lerp_mode": "catmullrom"
						},
						"3.0": {
							"post": [1.89, 0.04, -4.095],
							"lerp_mode": "catmullrom"
						},
						"3.1": {
							"post": [2.035, 0.245, -5.425],
							"lerp_mode": "catmullrom"
						},
						"3.1667": {
							"post": [1.91, -0.01, -4.525],
							"lerp_mode": "catmullrom"
						},
						"3.3": {
							"post": [1.705, 0.39, -4.69],
							"lerp_mode": "catmullrom"
						},
						"3.4667": {
							"post": [1.75, 0.56, -4.11],
							"lerp_mode": "catmullrom"
						},
						"3.6": {
							"post": [1.965, 0.36, -4.745],
							"lerp_mode": "catmullrom"
						},
						"3.7333": {
							"post": [1.74, 0.065, -4.57],
							"lerp_mode": "catmullrom"
						},
						"3.8667": {
							"post": [0.88, -0.245, -3.08],
							"lerp_mode": "catmullrom"
						},
						"4.0": {
							"post": [0.125, 1.255, -0.625],
							"lerp_mode": "catmullrom"
						},
						"4.1667": {
							"post": [-0.13, 0.92, -0.97],
							"lerp_mode": "catmullrom"
						},
						"4.3333": {
							"post": [-0.6, 1.405, -4.35],
							"lerp_mode": "catmullrom"
						},
						"4.6333": {
							"post": [-0.7, 1.53, -5.075],
							"lerp_mode": "catmullrom"
						},
						"4.6667": {
							"post": [-0.475, 0.73, -5.075],
							"lerp_mode": "catmullrom"
						},
						"4.8": {
							"post": [-0.22, 0.83, -5.07],
							"lerp_mode": "catmullrom"
						},
						"4.9": {
							"post": [-0.09, 0.82, -5.02],
							"lerp_mode": "catmullrom"
						},
						"5.0": {
							"post": [0.76, -0.63, -4.08],
							"lerp_mode": "catmullrom"
						},
						"5.1333": {
							"post": [1.69, -0.165, -3.945],
							"lerp_mode": "catmullrom"
						},
						"5.2333": {
							"post": [1.89, 0.46, -4.995],
							"lerp_mode": "catmullrom"
						},
						"5.3333": {
							"post": [1.78, 0.155, -4.595],
							"lerp_mode": "catmullrom"
						},
						"5.4667": {
							"post": [1.44, -0.285, -4.57],
							"lerp_mode": "catmullrom"
						},
						"5.6": {
							"post": [1.625, -1.55, -3.275],
							"lerp_mode": "catmullrom"
						},
						"5.7": {
							"post": [0.83, -2.05, -3.76],
							"lerp_mode": "catmullrom"
						},
						"5.7667": {
							"post": [0.3, -1.7, -5.175],
							"lerp_mode": "catmullrom"
						},
						"5.9": {
							"post": [0, -0.125, 0.4],
							"lerp_mode": "catmullrom"
						},
						"6.0333": {
							"post": [0, 0, -0.05625],
							"lerp_mode": "catmullrom"
						},
						"6.2": {
							"post": [0, 0, 0],
							"lerp_mode": "catmullrom"
						}
					}
				},
				"mag_and_lefthand": {
					"rotation": {
						"0.5333": {
							"pre": [0, 0, 0],
							"post": [0, 0, 0],
							"lerp_mode": "catmullrom"
						},
						"0.6": {
							"post": [0, 0, 0],
							"lerp_mode": "catmullrom"
						},
						"0.8333": {
							"post": [-29.91412, -17.20206, 6.58936],
							"lerp_mode": "catmullrom"
						},
						"1.0": {
							"post": [-40.10192, -21.16161, 8.038],
							"lerp_mode": "catmullrom"
						},
						"1.1667": {
							"post": [-37.27388, -19.80934, 9.95777],
							"lerp_mode": "catmullrom"
						},
						"1.2667": {
							"post": [-25.31816, -10.39175, 17.91261],
							"lerp_mode": "catmullrom"
						},
						"1.4": {
							"post": [24.11832, 21.9165, 60.45974],
							"lerp_mode": "catmullrom"
						},
						"1.7333": {
							"post": [24.11832, 21.9165, 60.45974],
							"lerp_mode": "catmullrom"
						},
						"1.8667": {
							"post": [-11.90328, 33.17633, -1.25175],
							"lerp_mode": "catmullrom"
						},
						"2.0333": {
							"post": [7.84255, -38.60915, -62.61441],
							"lerp_mode": "catmullrom"
						},
						"2.2": [34.41398, -30.90883, -109.71051],
						"2.3": [26.91398, -30.90883, -109.71051],
						"2.4": [19.41, -30.91, -109.71],
						"2.4667": [9.81918, -46.54192, -121.58594],
						"2.6": [9.81918, -46.54192, -121.58594],
						"2.6667": [19.41, -30.91, -109.71],
						"2.7667": [19.41, -30.91, -109.71],
						"2.8333": [9.81918, -46.54192, -121.58594],
						"2.9": [9.81918, -46.54192, -121.58594],
						"2.9667": [19.41, -30.91, -109.71],
						"3.0333": [19.41, -30.91, -109.71],
						"3.1": [9.81918, -46.54192, -121.58594],
						"3.6333": [9.81918, -46.54192, -121.58594],
						"3.6667": [21.26138, -25.66677, -114.34243],
						"3.8": {
							"pre": [12.74001, -3.66133, -78.50992],
							"post": [12.74001, -3.66133, -78.50992],
							"lerp_mode": "catmullrom"
						},
						"3.9": {
							"post": [-0.02873, 7.04417, -16.87674],
							"lerp_mode": "catmullrom"
						},
						"4.0333": {
							"post": [-6.26568, -5.02235, 9.70877],
							"lerp_mode": "catmullrom"
						},
						"4.1667": {
							"post": [10.55324, -4.28525, -30.86269],
							"lerp_mode": "catmullrom"
						},
						"4.3": {
							"post": [1.98579, 0.57279, -0.95312],
							"lerp_mode": "catmullrom"
						},
						"4.4": [-3, 0, 0],
						"4.6": [0, 0, 0],
						"4.6667": [0, 0, 0]
					},
					"position": {
						"0.5333": {
							"pre": [0, 0, 0],
							"post": [0, 0, 0],
							"lerp_mode": "catmullrom"
						},
						"0.6": {
							"post": [0, -3.1, -0.175],
							"lerp_mode": "catmullrom"
						},
						"0.6667": {
							"post": [2.56666, -6.94886, -4.10342],
							"lerp_mode": "catmullrom"
						},
						"0.7333": {
							"post": [4.76, -5.28, -6],
							"lerp_mode": "catmullrom"
						},
						"0.8333": {
							"post": [5.49716, -1.85741, -7.68392],
							"lerp_mode": "catmullrom"
						},
						"1.0": {
							"post": [5.83354, -1.17493, -8.24643],
							"lerp_mode": "catmullrom"
						},
						"1.1667": {
							"post": [5.64333, -1.2314, -8.1847],
							"lerp_mode": "catmullrom"
						},
						"1.2667": {
							"post": [4.96137, -1.8036, -7.83481],
							"lerp_mode": "catmullrom"
						},
						"1.4": {
							"post": [3.64469, -0.74091, -6.41675],
							"lerp_mode": "catmullrom"
						},
						"1.7333": {
							"post": [3.06271, -1.01081, -6.05149],
							"lerp_mode": "catmullrom"
						},
						"1.8667": {
							"post": [4.8897, -5.14737, -7.97383],
							"lerp_mode": "catmullrom"
						},
						"2.0333": {
							"post": [7.6368, -0.89878, -11.63235],
							"lerp_mode": "catmullrom"
						},
						"2.2": [3.97, 5.27, -14.05],
						"2.3": [3.97, 5.27, -14.05],
						"2.4": [3.97, 5.27, -14.05],
						"2.4667": [3.77, 6.72, -9.425],
						"2.6": [3.77, 6.72, -9.425],
						"2.6667": [3.97, 5.27, -14.05],
						"2.7667": [3.97, 5.27, -14.05],
						"2.8333": [3.77, 6.72, -9.425],
						"2.9": [3.77, 6.72, -9.425],
						"2.9667": [3.97, 5.27, -14.05],
						"3.0333": [3.97, 5.27, -14.05],
						"3.1": [3.77, 6.72, -9.425],
						"3.6333": [3.77, 6.72, -9.425],
						"3.6667": [5.51, 5.06, -10.395],
						"3.8": {
							"pre": [9.0636, 4.35586, -7.25956],
							"post": [9.0636, 4.35586, -7.25956],
							"lerp_mode": "catmullrom"
						},
						"3.9": {
							"post": [9.46926, -1.01603, -8.59126],
							"lerp_mode": "catmullrom"
						},
						"4.0": {
							"post": [5.07, -2.9725, -8.1],
							"lerp_mode": "catmullrom"
						},
						"4.1667": {
							"post": [3.69575, -9.81269, -4.28103],
							"lerp_mode": "catmullrom"
						},
						"4.3": {
							"post": [1.7231, -7.18415, -1.82622],
							"lerp_mode": "catmullrom"
						},
						"4.4": [0, -3.1, -0.175],
						"4.6": [0, -3.1, -0.175],
						"4.6667": [0, 0, 0]
					}
				},
				"lefthand": {
					"rotation": {
						"0.0": [96.63479, -2.01565, 172.74579],
						"0.1": [123.83011, -14.15023, 146.667],
						"0.2333": [135.46548, -50.56282, 164.8657],
						"0.3333": [135.46548, -50.56282, 164.8657],
						"0.5": [135.46548, -50.56282, 164.8657],
						"0.6333": [121.05703, -24.3886, 188.59607],
						"1.2": [121.06, -24.39, 188.6],
						"1.3333": [126.75953, -13.1399, 171.09067],
						"3.8": [122.62, -21.3, 183.79],
						"3.9333": [131.82718, 4.07988, 220.19281],
						"4.0333": [122.62, -21.3, 183.79],
						"4.8333": [121.06, -24.39, 188.6],
						"5.0": [110.81907, 33.41782, 98.78652],
						"5.0667": [115.68686, 19.62246, 89.72159],
						"5.1333": [115.69, 19.62, 89.72],
						"5.2": [122.2198, 26.78559, 93.59537],
						"5.4667": [122.2198, 26.78559, 93.59537],
						"5.6333": [110.38, 13.94, 93.83],
						"5.7667": [98.96082, -1.23851, 180.7685],
						"5.8667": [96.63479, -2.01565, 172.74579]
					},
					"position": {
						"0.0": [7.675, -14.525, -13.775],
						"0.0333": [8.91, -14.4, -12.67],
						"0.1": [11.53, -14.145, -6.27],
						"0.2333": [7.98, -16.12, 1.23],
						"0.3333": [7.98, -16.12, 1.23],
						"0.5": [7.98, -16.12, 1.23],
						"1.2": [7.98, -16.12, 1.23],
						"3.8": [7.98, -16.12, 1.23],
						"3.9333": [10.605, -15.745, 2.505],
						"4.0333": [7.98, -16.12, 1.23],
						"4.8333": [7.98, -16.12, 1.23],
						"4.9": [9.53457, -15.66806, -3.76981],
						"5.0": [9.25745, -9.93539, -11.6463],
						"5.1333": [9.25745, -9.93539, -11.6463],
						"5.2": [9.26, -9.94, -6.74687],
						"5.4667": [9.26, -9.94, -6.74687],
						"5.6333": [11.51, -12.34, -6.99187],
						"5.7667": [8.325, -14.525, -13.775],
						"5.8667": [7.675, -14.525, -13.775]
					},
					"scale": [1, 1.5, 1]
				},
				"magazine": {
					"rotation": {
						"1.8": [0, 0, 0],
						"2.0667": [-24.26701, -13.34855, -59.61771],
						"3.8": [-24.26701, -13.34855, -59.61771],
						"4.0": [0, 0, 0]
					},
					"position": {
						"1.8": [0, 0, 0],
						"2.0667": [-0.8396, -1.11257, 0.62681],
						"3.8": [-0.8396, -1.11257, 0.62681],
						"4.0": [0, 0, 0]
					}
				},
				"gun_and_righthand": {
					"rotation": {
						"0.6": {
							"pre": [0, 0, 0],
							"post": [0, 0, 0],
							"lerp_mode": "catmullrom"
						},
						"0.6667": {
							"post": [1.26581, -0.24094, -3.14252],
							"lerp_mode": "catmullrom"
						},
						"0.7667": {
							"post": [1.6233, -0.79914, 1.26667],
							"lerp_mode": "catmullrom"
						},
						"0.8667": {
							"post": [2.07786, -1.11576, -3.32147],
							"lerp_mode": "catmullrom"
						},
						"1.0": {
							"post": [0.82729, -1.11196, 0.06582],
							"lerp_mode": "catmullrom"
						},
						"1.2": {
							"post": [-1.00164, -0.9201, 3.27531],
							"lerp_mode": "catmullrom"
						},
						"1.5": {
							"post": [-0.18886, -0.74113, 0.19931],
							"lerp_mode": "catmullrom"
						},
						"3.9": {
							"post": [1.55252, 0.28347, 1.83922],
							"lerp_mode": "catmullrom"
						},
						"4.2": {
							"post": [0, 0, 3],
							"lerp_mode": "catmullrom"
						},
						"4.4": {
							"post": [0, 0, 0],
							"lerp_mode": "catmullrom"
						}
					},
					"position": {
						"0.6": {
							"pre": [0, 0, 0],
							"post": [0, 0, 0],
							"lerp_mode": "catmullrom"
						},
						"0.7333": {
							"post": [-0.02856, -0.14746, 0.02378],
							"lerp_mode": "catmullrom"
						},
						"1.0": {
							"post": [-0.5876, -1.03404, 0.13269],
							"lerp_mode": "catmullrom"
						},
						"1.2667": {
							"post": [-0.99521, -0.92709, 0.22167],
							"lerp_mode": "catmullrom"
						},
						"1.7333": {
							"post": [-1.01958, -0.74697, 0.1943],
							"lerp_mode": "catmullrom"
						},
						"3.9333": {
							"post": [-0.8636, -0.90419, 0.17779],
							"lerp_mode": "catmullrom"
						},
						"4.2": {
							"post": [-0.57128, -1.0162, 0.187],
							"lerp_mode": "catmullrom"
						},
						"4.4": {
							"post": [0, 0, 0],
							"lerp_mode": "catmullrom"
						}
					}
				},
				"righthand": {
					"rotation": [92.55092, -347.50726, -179.66588],
					"position": [-7.025, -14, -5],
					"scale": [1, 1.5, 1]
				},
				"aug_charge": {
					"position": {
						"0.0": [0, 0, 0],
						"2.4": [0, 0, 0],
						"2.4667": [0, 0, 4.975],
						"2.6": [0, 0, 4.975],
						"2.6667": [0, 0, 0],
						"2.7667": [0, 0, 0],
						"2.8333": [0, 0, 4.975],
						"2.9": [0, 0, 4.975],
						"2.9667": [0, 0, 0],
						"3.0333": [0, 0, 0],
						"3.1": [0, 0, 4.975],
						"3.1333": [0, 0, 4.975],
						"3.6333": [0, 0, 4.975],
						"3.6667": [0, 0, 0],
						"5.1333": [0, 0, 0],
						"5.2": [0, 0, 5],
						"5.4667": [0, 0, 5],
						"5.5333": [0, 0, 0],
						"5.5667": [0, 0, 0.3125],
						"5.6333": [0, 0, 0]
					}
				},
				"aug_bolt": {
					"position": {
						"2.4": [0, 0, 4.975],
						"2.4667": [0, 0, 4.975],
						"2.6": [0, 0, 4.975],
						"2.6667": [0, 0, 0],
						"2.7667": [0, 0, 0],
						"2.8333": [0, 0, 4.975],
						"2.9": [0, 0, 4.975],
						"2.9667": [0, 0, 0],
						"3.0333": [0, 0, 0],
						"3.1": [0, 0, 4.975],
						"3.1333": [0, 0, 4.975],
						"3.6333": [0, 0, 4.975],
						"3.6667": [0, 0, 0],
						"5.1333": [0, 0, 0],
						"5.2": [0, 0, 4.975]
					}
				},
				"constraint": {
					"rotation": [0.2, 0.2, 0.2],
					"position": [0.2, 0.2, 0.2]
				},
				"camera": {
					"rotation": {
						"0.0": {
							"post": [0, 0, 0],
							"lerp_mode": "catmullrom"
						},
						"0.1333": {
							"post": [0.405, 0.2, -0.525],
							"lerp_mode": "catmullrom"
						},
						"0.2667": {
							"post": [2.7, 0.625, -0.675],
							"lerp_mode": "catmullrom"
						},
						"0.5333": {
							"post": [2.375, 0.625, -0.675],
							"lerp_mode": "catmullrom"
						},
						"0.5667": {
							"post": [3.92, 0.58, 0.495],
							"lerp_mode": "catmullrom"
						},
						"0.6333": {
							"post": [3.385, 0.44, -1.66],
							"lerp_mode": "catmullrom"
						},
						"0.7": {
							"post": [4.71, -0.07, -0.36],
							"lerp_mode": "catmullrom"
						},
						"0.8667": {
							"post": [5.605, -1.775, 0.925],
							"lerp_mode": "catmullrom"
						},
						"1.2667": {
							"post": [5.825, -2.37, 1.325],
							"lerp_mode": "catmullrom"
						},
						"1.5667": {
							"post": [5.2, -2.68, 1.325],
							"lerp_mode": "catmullrom"
						},
						"1.7333": {
							"post": [4.98, -2.775, 1.125],
							"lerp_mode": "catmullrom"
						},
						"2.0667": {
							"post": [1.465, 1.375, -1],
							"lerp_mode": "catmullrom"
						},
						"2.2333": {
							"post": [4.02, 1.91, 0.25],
							"lerp_mode": "catmullrom"
						},
						"2.3667": {
							"post": [5.96, 2.325, 1.15],
							"lerp_mode": "catmullrom"
						},
						"2.4333": {
							"post": [6.23, 2.4, 0.86],
							"lerp_mode": "catmullrom"
						},
						"2.5333": {
							"post": [6.29, 2.44, 1.33],
							"lerp_mode": "catmullrom"
						},
						"2.6": {
							"post": [7.045, 2.47, 0.59],
							"lerp_mode": "catmullrom"
						},
						"2.6667": {
							"post": [5.975, 2.75, 1.72],
							"lerp_mode": "catmullrom"
						},
						"2.7667": {
							"post": [6.41, 3, 1.005],
							"lerp_mode": "catmullrom"
						},
						"2.8333": {
							"post": [6.29, 3.14, 1.33],
							"lerp_mode": "catmullrom"
						},
						"2.9": {
							"post": [7.045, 3.17, 0.59],
							"lerp_mode": "catmullrom"
						},
						"2.9667": {
							"post": [5.975, 3.2, 1.72],
							"lerp_mode": "catmullrom"
						},
						"3.0667": {
							"post": [6.29, 3.14, 1.33],
							"lerp_mode": "catmullrom"
						},
						"3.1333": {
							"post": [7.045, 3.17, 0.59],
							"lerp_mode": "catmullrom"
						},
						"3.2": {
							"post": [5.975, 3.2, 1.72],
							"lerp_mode": "catmullrom"
						},
						"3.3": {
							"post": [6.41, 3, 1.005],
							"lerp_mode": "catmullrom"
						},
						"3.6333": {
							"post": [6.46, 2.625, 1.15],
							"lerp_mode": "catmullrom"
						},
						"3.6667": {
							"post": [7.25, 2.62, 2.47],
							"lerp_mode": "catmullrom"
						},
						"3.7333": {
							"post": [5.74, 2.375, -0.02],
							"lerp_mode": "catmullrom"
						},
						"3.8333": {
							"post": [5.735, 1.675, 1.15],
							"lerp_mode": "catmullrom"
						},
						"4.0333": {
							"post": [5.78, 0.375, 1],
							"lerp_mode": "catmullrom"
						},
						"4.2333": {
							"post": [3.47, -0.15, -0.4],
							"lerp_mode": "catmullrom"
						},
						"4.3333": {
							"post": [2.41, 0.925, -1],
							"lerp_mode": "catmullrom"
						},
						"4.4": {
							"post": [2, 1.3, -0.615],
							"lerp_mode": "catmullrom"
						},
						"4.4667": {
							"post": [1.83, 1.4, -1.435],
							"lerp_mode": "catmullrom"
						},
						"4.6": {
							"post": [1.535, 1.525, -1],
							"lerp_mode": "catmullrom"
						},
						"4.6333": {
							"post": [2.465, 1.51, 0.235],
							"lerp_mode": "catmullrom"
						},
						"4.7": {
							"post": [0.33, 1.46, -1.825],
							"lerp_mode": "catmullrom"
						},
						"4.8": {
							"post": [1.73, 1.36, -1.135],
							"lerp_mode": "catmullrom"
						},
						"5.1333": {
							"post": [6.46, 2.625, 1.15],
							"lerp_mode": "catmullrom"
						},
						"5.2": {
							"post": [7.25, 2.62, 2.47],
							"lerp_mode": "catmullrom"
						},
						"5.2667": {
							"post": [5.74, 2.6, -0.02],
							"lerp_mode": "catmullrom"
						},
						"5.4333": {
							"post": [5.735, 2.35, 1.15],
							"lerp_mode": "catmullrom"
						},
						"5.7667": {
							"post": [-0.66, 0.675, 0],
							"lerp_mode": "catmullrom"
						},
						"5.8667": {
							"post": [-0.02, 0.21, -0.1],
							"lerp_mode": "catmullrom"
						},
						"5.9333": {
							"post": [0.85, 0.05, 0],
							"lerp_mode": "catmullrom"
						},
						"5.9667": {
							"post": [1.19, 0.01, 1.2],
							"lerp_mode": "catmullrom"
						},
						"6.0333": {
							"post": [0.44, 0, -0.585],
							"lerp_mode": "catmullrom"
						},
						"6.1333": {
							"post": [0.235, 0, 0.29],
							"lerp_mode": "catmullrom"
						},
						"6.4": {
							"post": [0, 0, 0],
							"lerp_mode": "catmullrom"
						}
					}
				},
				"bullet": {
					"scale": 0
				}
			},
			"sound_effects": {
				"0.0333": {
					"effect": "tacz:aug/aug_reload_raise"
				},
				"0.3667": {
					"effect": "tacz:aug/aug_inspect_maggrab"
				},
				"0.5333": {
					"effect": "tacz:aug/aug_reload_magout"
				},
				"0.6667": {
					"effect": "tacz:aug/aug_inspect_maggrab"
				},
				"1.1667": {
					"effect": "tacz:aug/aug_inspect_armin"
				},
				"2.2": {
					"effect": "tacz:aug/aug_inspect_raise"
				},
				"2.4333": {
					"effect": "tacz:aug/aug_reload_empty_boltlock"
				},
				"2.5333": {
					"effect": "tacz:aug/aug_reload_empty_boltclose"
				},
				"2.8": {
					"effect": "tacz:aug/aug_inspect_boltlock_fast"
				},
				"2.9333": {
					"effect": "tacz:aug/aug_inspect_boltclose_fast"
				},
				"2.9667": {
					"effect": "tacz:aug/aug_reload_empty_boltlock"
				},
				"3.5333": {
					"effect": "tacz:aug/aug_reload_empty_boltclose"
				},
				"4.5667": {
					"effect": "tacz:aug/aug_inspect_maggrab"
				},
				"4.6667": {
					"effect": "tacz:aug/aug_reload_magin"
				},
				"5.2": {
					"effect": "tacz:aug/aug_reload_empty_boltlock"
				},
				"5.8333": {
					"effect": "tacz:aug/aug_inspect_end"
				}
			}
		}
	}
}