{
  "model": "tacz:gun/spas_12_geo",
  "texture": "tacz:gun/uv/spas_12",
  "lod": {
    "model": "tacz:gun/lod/spas_12",
    "texture": "tacz:gun/lod/spas_12"
  },
  "hud": "tacz:gun/hud/spas_12",
  "slot": "tacz:gun/slot/spas_12",
  // 弹药计量样式，可选值：”normal“(显示实际值)、”percent“(显示百分比)，默认为”normal“
  "ammo_count_style": "normal",
  // tooltip的伤害显示样式，可选值：”total“(总伤害)、”per_projectile“(单发弹丸伤害x弹丸数量)，默认为”per_projectile“
  "damage_style": "per_projectile",
  "animation": "tacz:spas_12",
  "state_machine": "tacz:spas_12_state_machine",
  "state_machine_param": {
    "bolt_shell_ejecting_time": 0.13,
    "intro_shell_ejecting_time": 0.15
  },
  "use_default_animation": "rifle",
  "third_person_animation": "default",
  "player_animator_3rd": "tacz:rifle_default.player_animation",
  "show_crosshair": true,
  "transform": {
    "scale": {
      "thirdperson": [0.6, 0.6, 0.6],
      "ground": [0.6, 0.6, 0.6],
      "fixed": [1.2, 1.2, 1.2]
    }
  },
  "muzzle_flash": {
    "texture": "tacz:flash/common_muzzle_flash",
    "scale": 1.2
  },
  "iron_zoom": 1.2,
  "shell": {
    "initial_velocity": [5, 0.5, 1],
    "random_velocity": [1, 0.5, 0.25],
    "acceleration": [0.0, -10, 0.0],
    "angular_velocity": [360, -960, 90],
    "living_time": 1.0
  },
  "sounds": {
    "draw": "tacz:m870/m870_draw",
    "bolt": "tacz:spas_12/spas12_bolt",
    "fire_select": "",
    "shoot": "tacz:spas_12/spas12_shoot",
    "shoot_3p": "tacz:m870/m870_shoot_3p",
    "silence": "tacz:spas_12/spas12_silence",
    "silence_3p": "spas_12/spas12_silence_3p",
    "put_away": "tacz:m870/m870_put_away",
    "melee_push": "tacz:melee_stock/melee_stock_02",
    "melee_stock": "tacz:melee_stock/melee_stock_03"
    
  },
  // 副手枪械显示
  "offhand_show": {
    "pos": [1, 20, 3.5],
    "rotate": [0, 0, 60],
    "scale": [0.5, 0.5, 0.5]
  },
  "hotbar_show": {
    "0": {
      "pos": [-1, 20, 3],
      "rotate": [-180, 0, 120],
      "scale": [0.5, 0.5, 0.5]
    }
  },
  "controllable": {
    "semi": {
      "low_frequency": 0.25,
      "high_frequency": 0.5,
      "time": 100
    }
  }
}